#
# There is insufficient memory for the Java Runtime Environment to continue.
# Native memory allocation (malloc) failed to allocate 1464816 bytes. Error detail: Chunk::new
# Possible reasons:
#   The system is out of physical RAM or swap space
#   This process is running with CompressedOops enabled, and the Java Heap may be blocking the growth of the native heap
# Possible solutions:
#   Reduce memory load on the system
#   Increase physical memory or swap space
#   Check if swap backing store is full
#   Decrease Java heap size (-Xmx/-Xms)
#   Decrease number of Java threads
#   Decrease Java thread stack sizes (-Xss)
#   Set larger code cache with -XX:ReservedCodeCacheSize=
#   JVM is running with Unscaled Compressed Oops mode in which the Java heap is
#     placed in the first 4GB address space. The Java Heap base address is the
#     maximum limit for the native heap growth. Please use -XX:HeapBaseMinAddress
#     to set the Java Heap base and to place the Java Heap above 4GB virtual address.
# This output file may be truncated or incomplete.
#
#  Out of Memory Error (arena.cpp:168), pid=17572, tid=6136
#
# JRE version: OpenJDK Runtime Environment (21.0.7) (build 21.0.7+-13880790-b1038.58)
# Java VM: OpenJDK 64-Bit Server VM (21.0.7+-13880790-b1038.58, mixed mode, tiered, compressed oops, compressed class ptrs, g1 gc, windows-amd64)
# No core dump will be written. Minidumps are not enabled by default on client versions of Windows
#

---------------  S U M M A R Y ------------

Command Line: --add-opens=java.base/java.lang=ALL-UNNAMED --add-opens=java.base/java.lang.invoke=ALL-UNNAMED --add-opens=java.base/java.util=ALL-UNNAMED --add-opens=java.prefs/java.util.prefs=ALL-UNNAMED --add-exports=jdk.compiler/com.sun.tools.javac.api=ALL-UNNAMED --add-exports=jdk.compiler/com.sun.tools.javac.util=ALL-UNNAMED --add-opens=java.base/java.util=ALL-UNNAMED --add-opens=java.prefs/java.util.prefs=ALL-UNNAMED --add-opens=java.base/java.nio.charset=ALL-UNNAMED --add-opens=java.base/java.net=ALL-UNNAMED --add-opens=java.base/java.util.concurrent.atomic=ALL-UNNAMED --add-opens=java.xml/javax.xml.namespace=ALL-UNNAMED -XX:MaxMetaspaceSize=256m -Xmx1g -Dfile.encoding=UTF-8 -Duser.country=ES -Duser.language=es -Duser.variant -javaagent:C:\Users\Esther\.gradle\wrapper\dists\gradle-8.13-bin\5xuhj0ry160q40clulazy9h7d\gradle-8.13\lib\agents\gradle-instrumentation-agent-8.13.jar org.gradle.launcher.daemon.bootstrap.GradleDaemon 8.13

Host: AMD Ryzen 7 5700U with Radeon Graphics         , 16 cores, 13G,  Windows 11 , 64 bit Build 26100 (10.0.26100.8521)
Time: Tue Jun 16 10:31:44 2026 Hora de verano romance elapsed time: 101.649438 seconds (0d 0h 1m 41s)

---------------  T H R E A D  ---------------

Current thread (0x0000021cf1d0c450):  JavaThread "C2 CompilerThread1" daemon [_thread_in_native, id=6136, stack(0x000000403c000000,0x000000403c100000) (1024K)]


Current CompileTask:
C2:101649 14356       4       javax.management.ObjectName::construct (1135 bytes)

Stack: [0x000000403c000000,0x000000403c100000]
Native frames: (J=compiled Java code, j=interpreted, Vv=VM code, C=native code)
V  [jvm.dll+0x6d25c9]
V  [jvm.dll+0x860923]
V  [jvm.dll+0x862e7e]
V  [jvm.dll+0x863563]
V  [jvm.dll+0x27f156]
V  [jvm.dll+0xc002d]
V  [jvm.dll+0xc0563]
V  [jvm.dll+0x3b6d01]
V  [jvm.dll+0x382c27]
V  [jvm.dll+0x38209a]
V  [jvm.dll+0x247e72]
V  [jvm.dll+0x247441]
V  [jvm.dll+0x1c5fb4]
V  [jvm.dll+0x256bac]
V  [jvm.dll+0x2550f6]
V  [jvm.dll+0x3f1d16]
V  [jvm.dll+0x808d08]
V  [jvm.dll+0x6d0e1d]
C  [ucrtbase.dll+0x2cd30]
C  [KERNEL32.DLL+0x2e957]
C  [ntdll.dll+0x87c1c]


---------------  P R O C E S S  ---------------

Threads class SMR info:
_java_thread_list=0x0000021cf19ad490, length=74, elements={
0x0000021ccf13feb0, 0x0000021ce81cbfa0, 0x0000021ce81d9070, 0x0000021ce81da640,
0x0000021ce81cf800, 0x0000021ce81fcb20, 0x0000021ce81fec60, 0x0000021ce81ebe10,
0x0000021ce820a100, 0x0000021ce82184c0, 0x0000021ce860e5c0, 0x0000021cee5eb940,
0x0000021ced90c560, 0x0000021cee79dc40, 0x0000021cee7768a0, 0x0000021cee779a00,
0x0000021cee734a70, 0x0000021cee7f81e0, 0x0000021cee7cc2c0, 0x0000021cee7ca880,
0x0000021cee7c94d0, 0x0000021cee7c9b60, 0x0000021cee7cb5a0, 0x0000021cee7caf10,
0x0000021cee7c8e40, 0x0000021cee7ca1f0, 0x0000021ceeccee80, 0x0000021ceeccf510,
0x0000021ceeccdad0, 0x0000021ceeccfba0, 0x0000021ceeccc720, 0x0000021ceecccdb0,
0x0000021ceeccd440, 0x0000021ceecce160, 0x0000021ceecce7f0, 0x0000021cf19bc180,
0x0000021cf19bd530, 0x0000021cf19bc810, 0x0000021cf19ba740, 0x0000021cf19badd0,
0x0000021cf19bb460, 0x0000021cf19bcea0, 0x0000021cf19ba0b0, 0x0000021cf19bdbc0,
0x0000021cf19bef70, 0x0000021cf19bbaf0, 0x0000021cf19c09b0, 0x0000021cf19c16d0,
0x0000021cf19bfc90, 0x0000021cf4b16d50, 0x0000021cf4b17a70, 0x0000021cf4b18790,
0x0000021cf4b166c0, 0x0000021cf4b1a860, 0x0000021cf4b18e20, 0x0000021cf4b173e0,
0x0000021cf4b1bc10, 0x0000021cf4b1d650, 0x0000021cf4b1dce0, 0x0000021cf4b1aef0,
0x0000021cf4b1c2a0, 0x0000021cf25b1b10, 0x0000021cf25b3550, 0x0000021cf25b2ec0,
0x0000021cf25b21a0, 0x0000021cf25b4270, 0x0000021cf25b4900, 0x0000021cf25b1480,
0x0000021cf25b4f90, 0x0000021cf25b5620, 0x0000021ce84c4440, 0x0000021cf5e4f9c0,
0x0000021cf1d0c450, 0x0000021cf34d6e70
}

Java Threads: ( => current thread )
  0x0000021ccf13feb0 JavaThread "main"                              [_thread_blocked, id=14564, stack(0x000000403c100000,0x000000403c200000) (1024K)]
  0x0000021ce81cbfa0 JavaThread "Common-Cleaner"             daemon [_thread_blocked, id=5208, stack(0x000000403c900000,0x000000403ca00000) (1024K)]
  0x0000021ce81d9070 JavaThread "Reference Handler"          daemon [_thread_blocked, id=19088, stack(0x000000403ca00000,0x000000403cb00000) (1024K)]
  0x0000021ce81da640 JavaThread "Finalizer"                  daemon [_thread_blocked, id=9528, stack(0x000000403cb00000,0x000000403cc00000) (1024K)]
  0x0000021ce81cf800 JavaThread "Signal Dispatcher"          daemon [_thread_blocked, id=18992, stack(0x000000403cc00000,0x000000403cd00000) (1024K)]
  0x0000021ce81fcb20 JavaThread "Attach Listener"            daemon [_thread_blocked, id=11296, stack(0x000000403cd00000,0x000000403ce00000) (1024K)]
  0x0000021ce81fec60 JavaThread "Service Thread"             daemon [_thread_blocked, id=14588, stack(0x000000403ce00000,0x000000403cf00000) (1024K)]
  0x0000021ce81ebe10 JavaThread "Monitor Deflation Thread"   daemon [_thread_blocked, id=15620, stack(0x000000403cf00000,0x000000403d000000) (1024K)]
  0x0000021ce820a100 JavaThread "C2 CompilerThread0"         daemon [_thread_in_native, id=18488, stack(0x000000403d000000,0x000000403d100000) (1024K)]
  0x0000021ce82184c0 JavaThread "C1 CompilerThread0"         daemon [_thread_blocked, id=9424, stack(0x000000403d100000,0x000000403d200000) (1024K)]
  0x0000021ce860e5c0 JavaThread "Notification Thread"        daemon [_thread_blocked, id=19368, stack(0x000000403d300000,0x000000403d400000) (1024K)]
  0x0000021cee5eb940 JavaThread "Daemon health stats"               [_thread_blocked, id=7240, stack(0x000000403d700000,0x000000403d800000) (1024K)]
  0x0000021ced90c560 JavaThread "Incoming local TCP Connector on port 51262"        [_thread_in_native, id=15344, stack(0x000000403dd00000,0x000000403de00000) (1024K)]
  0x0000021cee79dc40 JavaThread "Daemon periodic checks"            [_thread_blocked, id=3996, stack(0x000000403df00000,0x000000403e000000) (1024K)]
  0x0000021cee7768a0 JavaThread "Daemon"                            [_thread_blocked, id=10472, stack(0x000000403e000000,0x000000403e100000) (1024K)]
  0x0000021cee779a00 JavaThread "Handler for socket connection from /127.0.0.1:51262 to /127.0.0.1:51263"        [_thread_in_native, id=10508, stack(0x000000403e100000,0x000000403e200000) (1024K)]
  0x0000021cee734a70 JavaThread "Cancel handler"                    [_thread_blocked, id=18548, stack(0x000000403de00000,0x000000403df00000) (1024K)]
  0x0000021cee7f81e0 JavaThread "Daemon worker"                     [_thread_in_Java, id=18192, stack(0x000000403e200000,0x000000403e300000) (1024K)]
  0x0000021cee7cc2c0 JavaThread "Asynchronous log dispatcher for DefaultDaemonConnection: socket connection from /127.0.0.1:51262 to /127.0.0.1:51263"        [_thread_blocked, id=18312, stack(0x000000403e300000,0x000000403e400000) (1024K)]
  0x0000021cee7ca880 JavaThread "Stdin handler"                     [_thread_blocked, id=3696, stack(0x000000403ed00000,0x000000403ee00000) (1024K)]
  0x0000021cee7c94d0 JavaThread "Daemon client event forwarder"        [_thread_blocked, id=12756, stack(0x000000403ee00000,0x000000403ef00000) (1024K)]
  0x0000021cee7c9b60 JavaThread "Cache worker for journal cache (C:\Users\Esther\.gradle\caches\journal-1)"        [_thread_blocked, id=10728, stack(0x000000403d400000,0x000000403d500000) (1024K)]
  0x0000021cee7cb5a0 JavaThread "File lock request listener"        [_thread_in_native, id=18632, stack(0x000000403ef00000,0x000000403f000000) (1024K)]
  0x0000021cee7caf10 JavaThread "Cache worker for file hash cache (C:\Users\Esther\.gradle\caches\8.13\fileHashes)"        [_thread_blocked, id=2848, stack(0x000000403f100000,0x000000403f200000) (1024K)]
  0x0000021cee7c8e40 JavaThread "Cache worker for file hash cache (C:\_ESTHER_\DAM2\MOVILES\MOVILES\PRACTICAS\MENU_ESTHER\.gradle\8.13\fileHashes)"        [_thread_blocked, id=18048, stack(0x000000403f300000,0x000000403f400000) (1024K)]
  0x0000021cee7ca1f0 JavaThread "Cache worker for Build Output Cleanup Cache (C:\_ESTHER_\DAM2\MOVILES\MOVILES\PRACTICAS\MENU_ESTHER\.gradle\buildOutputCleanup)"        [_thread_blocked, id=11312, stack(0x000000403f400000,0x000000403f500000) (1024K)]
  0x0000021ceeccee80 JavaThread "File watcher server"        daemon [_thread_in_native, id=6364, stack(0x000000403f500000,0x000000403f600000) (1024K)]
  0x0000021ceeccf510 JavaThread "File watcher consumer"      daemon [_thread_blocked, id=10788, stack(0x000000403f600000,0x000000403f700000) (1024K)]
  0x0000021ceeccdad0 JavaThread "jar transforms"                    [_thread_blocked, id=8936, stack(0x000000403d200000,0x000000403d300000) (1024K)]
  0x0000021ceeccfba0 JavaThread "jar transforms Thread 2"           [_thread_blocked, id=13896, stack(0x000000403d500000,0x000000403d600000) (1024K)]
  0x0000021ceeccc720 JavaThread "jar transforms Thread 3"           [_thread_blocked, id=14304, stack(0x000000403dc00000,0x000000403dd00000) (1024K)]
  0x0000021ceecccdb0 JavaThread "jar transforms Thread 4"           [_thread_blocked, id=5952, stack(0x000000403f000000,0x000000403f100000) (1024K)]
  0x0000021ceeccd440 JavaThread "jar transforms Thread 5"           [_thread_blocked, id=964, stack(0x000000403f200000,0x000000403f300000) (1024K)]
  0x0000021ceecce160 JavaThread "jar transforms Thread 6"           [_thread_blocked, id=19416, stack(0x000000403f700000,0x000000403f800000) (1024K)]
  0x0000021ceecce7f0 JavaThread "jar transforms Thread 7"           [_thread_blocked, id=9500, stack(0x000000403f800000,0x000000403f900000) (1024K)]
  0x0000021cf19bc180 JavaThread "jar transforms Thread 8"           [_thread_blocked, id=15712, stack(0x000000403f900000,0x000000403fa00000) (1024K)]
  0x0000021cf19bd530 JavaThread "jar transforms Thread 9"           [_thread_blocked, id=16056, stack(0x000000403fa00000,0x000000403fb00000) (1024K)]
  0x0000021cf19bc810 JavaThread "jar transforms Thread 10"          [_thread_blocked, id=5780, stack(0x000000403fb00000,0x000000403fc00000) (1024K)]
  0x0000021cf19ba740 JavaThread "jar transforms Thread 11"          [_thread_blocked, id=3500, stack(0x000000403fc00000,0x000000403fd00000) (1024K)]
  0x0000021cf19badd0 JavaThread "jar transforms Thread 12"          [_thread_blocked, id=11952, stack(0x000000403fd00000,0x000000403fe00000) (1024K)]
  0x0000021cf19bb460 JavaThread "jar transforms Thread 13"          [_thread_blocked, id=4428, stack(0x000000403fe00000,0x000000403ff00000) (1024K)]
  0x0000021cf19bcea0 JavaThread "jar transforms Thread 14"          [_thread_blocked, id=7316, stack(0x000000403ff00000,0x0000004040000000) (1024K)]
  0x0000021cf19ba0b0 JavaThread "jar transforms Thread 15"          [_thread_blocked, id=17048, stack(0x0000004040000000,0x0000004040100000) (1024K)]
  0x0000021cf19bdbc0 JavaThread "jar transforms Thread 16"          [_thread_blocked, id=11348, stack(0x0000004040100000,0x0000004040200000) (1024K)]
  0x0000021cf19bef70 JavaThread "Cache worker for checksums cache (C:\_ESTHER_\DAM2\MOVILES\MOVILES\PRACTICAS\MENU_ESTHER\.gradle\8.13\checksums)"        [_thread_blocked, id=16336, stack(0x0000004040700000,0x0000004040800000) (1024K)]
  0x0000021cf19bbaf0 JavaThread "File lock release action executor"        [_thread_blocked, id=16288, stack(0x0000004040600000,0x0000004040700000) (1024K)]
  0x0000021cf19c09b0 JavaThread "Cache worker for file content cache (C:\Users\Esther\.gradle\caches\8.13\fileContent)"        [_thread_blocked, id=14088, stack(0x0000004040800000,0x0000004040900000) (1024K)]
  0x0000021cf19c16d0 JavaThread "Cache worker for cache directory md-supplier (C:\Users\Esther\.gradle\caches\8.13\md-supplier)"        [_thread_blocked, id=19172, stack(0x0000004040300000,0x0000004040400000) (1024K)]
  0x0000021cf19bfc90 JavaThread "Cache worker for cache directory md-rule (C:\Users\Esther\.gradle\caches\8.13\md-rule)"        [_thread_blocked, id=4728, stack(0x0000004040900000,0x0000004040a00000) (1024K)]
  0x0000021cf4b16d50 JavaThread "Unconstrained build operations"        [_thread_blocked, id=14532, stack(0x0000004040d00000,0x0000004040e00000) (1024K)]
  0x0000021cf4b17a70 JavaThread "Unconstrained build operations Thread 2"        [_thread_blocked, id=15832, stack(0x0000004040e00000,0x0000004040f00000) (1024K)]
  0x0000021cf4b18790 JavaThread "Unconstrained build operations Thread 3"        [_thread_blocked, id=6664, stack(0x0000004040500000,0x0000004040600000) (1024K)]
  0x0000021cf4b166c0 JavaThread "Unconstrained build operations Thread 4"        [_thread_blocked, id=7696, stack(0x0000004041100000,0x0000004041200000) (1024K)]
  0x0000021cf4b1a860 JavaThread "Unconstrained build operations Thread 5"        [_thread_blocked, id=12044, stack(0x0000004041200000,0x0000004041300000) (1024K)]
  0x0000021cf4b18e20 JavaThread "Unconstrained build operations Thread 6"        [_thread_blocked, id=10800, stack(0x0000004041300000,0x0000004041400000) (1024K)]
  0x0000021cf4b173e0 JavaThread "Unconstrained build operations Thread 7"        [_thread_blocked, id=7608, stack(0x0000004041400000,0x0000004041500000) (1024K)]
  0x0000021cf4b1bc10 JavaThread "Unconstrained build operations Thread 8"        [_thread_blocked, id=1692, stack(0x0000004041500000,0x0000004041600000) (1024K)]
  0x0000021cf4b1d650 JavaThread "Unconstrained build operations Thread 9"        [_thread_blocked, id=8488, stack(0x0000004041600000,0x0000004041700000) (1024K)]
  0x0000021cf4b1dce0 JavaThread "Unconstrained build operations Thread 10"        [_thread_blocked, id=12268, stack(0x0000004041700000,0x0000004041800000) (1024K)]
  0x0000021cf4b1aef0 JavaThread "Unconstrained build operations Thread 11"        [_thread_blocked, id=8152, stack(0x0000004041800000,0x0000004041900000) (1024K)]
  0x0000021cf4b1c2a0 JavaThread "Unconstrained build operations Thread 12"        [_thread_blocked, id=15364, stack(0x0000004041900000,0x0000004041a00000) (1024K)]
  0x0000021cf25b1b10 JavaThread "Unconstrained build operations Thread 13"        [_thread_blocked, id=18340, stack(0x0000004040200000,0x0000004040300000) (1024K)]
  0x0000021cf25b3550 JavaThread "Unconstrained build operations Thread 14"        [_thread_blocked, id=4240, stack(0x0000004040400000,0x0000004040500000) (1024K)]
  0x0000021cf25b2ec0 JavaThread "Unconstrained build operations Thread 15"        [_thread_blocked, id=428, stack(0x0000004040a00000,0x0000004040b00000) (1024K)]
  0x0000021cf25b21a0 JavaThread "Unconstrained build operations Thread 16"        [_thread_blocked, id=7788, stack(0x0000004040b00000,0x0000004040c00000) (1024K)]
  0x0000021cf25b4270 JavaThread "Unconstrained build operations Thread 17"        [_thread_blocked, id=3288, stack(0x0000004040c00000,0x0000004040d00000) (1024K)]
  0x0000021cf25b4900 JavaThread "Unconstrained build operations Thread 18"        [_thread_blocked, id=1968, stack(0x0000004040f00000,0x0000004041000000) (1024K)]
  0x0000021cf25b1480 JavaThread "Unconstrained build operations Thread 19"        [_thread_blocked, id=5600, stack(0x0000004041000000,0x0000004041100000) (1024K)]
  0x0000021cf25b4f90 JavaThread "Unconstrained build operations Thread 20"        [_thread_blocked, id=16008, stack(0x0000004041a00000,0x0000004041b00000) (1024K)]
  0x0000021cf25b5620 JavaThread "Unconstrained build operations Thread 21"        [_thread_blocked, id=18620, stack(0x0000004041b00000,0x0000004041c00000) (1024K)]
  0x0000021ce84c4440 JavaThread "C1 CompilerThread1"         daemon [_thread_blocked, id=10076, stack(0x000000403be00000,0x000000403bf00000) (1024K)]
  0x0000021cf5e4f9c0 JavaThread "C1 CompilerThread2"         daemon [_thread_blocked, id=19448, stack(0x000000403bf00000,0x000000403c000000) (1024K)]
=>0x0000021cf1d0c450 JavaThread "C2 CompilerThread1"         daemon [_thread_in_native, id=6136, stack(0x000000403c000000,0x000000403c100000) (1024K)]
  0x0000021cf34d6e70 Thread "Unknown thread"                        [id=4248, stack(0x0000004041c00000,0x0000004041d00000) (1024K)]
Total: 74

Other Threads:
  0x0000021ce8131460 VMThread "VM Thread"                           [id=7752, stack(0x000000403c800000,0x000000403c900000) (1024K)]
  0x0000021ce7fb0880 WatcherThread "VM Periodic Task Thread"        [id=19008, stack(0x000000403c700000,0x000000403c800000) (1024K)]
  0x0000021ccf179c10 WorkerThread "GC Thread#0"                     [id=18948, stack(0x000000403c200000,0x000000403c300000) (1024K)]
  0x0000021ce878dc10 WorkerThread "GC Thread#1"                     [id=14444, stack(0x000000403d800000,0x000000403d900000) (1024K)]
  0x0000021ce8953050 WorkerThread "GC Thread#2"                     [id=17636, stack(0x000000403d900000,0x000000403da00000) (1024K)]
  0x0000021ce8941f90 WorkerThread "GC Thread#3"                     [id=16340, stack(0x000000403da00000,0x000000403db00000) (1024K)]
  0x0000021ce8942730 WorkerThread "GC Thread#4"                     [id=1792, stack(0x000000403db00000,0x000000403dc00000) (1024K)]
  0x0000021cedf91f40 WorkerThread "GC Thread#5"                     [id=16104, stack(0x000000403d600000,0x000000403d700000) (1024K)]
  0x0000021cee715eb0 WorkerThread "GC Thread#6"                     [id=10784, stack(0x000000403e400000,0x000000403e500000) (1024K)]
  0x0000021cee715770 WorkerThread "GC Thread#7"                     [id=18588, stack(0x000000403e500000,0x000000403e600000) (1024K)]
  0x0000021cee716d30 WorkerThread "GC Thread#8"                     [id=16908, stack(0x000000403e600000,0x000000403e700000) (1024K)]
  0x0000021cee716250 WorkerThread "GC Thread#9"                     [id=18744, stack(0x000000403e700000,0x000000403e800000) (1024K)]
  0x0000021cee7165f0 WorkerThread "GC Thread#10"                    [id=13488, stack(0x000000403e800000,0x000000403e900000) (1024K)]
  0x0000021cee7170d0 WorkerThread "GC Thread#11"                    [id=17324, stack(0x000000403e900000,0x000000403ea00000) (1024K)]
  0x0000021cee716990 WorkerThread "GC Thread#12"                    [id=16560, stack(0x000000403ea00000,0x000000403eb00000) (1024K)]
  0x0000021ccf180af0 ConcurrentGCThread "G1 Main Marker"            [id=19080, stack(0x000000403c300000,0x000000403c400000) (1024K)]
  0x0000021ccf1817d0 WorkerThread "G1 Conc#0"                       [id=11256, stack(0x000000403c400000,0x000000403c500000) (1024K)]
  0x0000021cee715b10 WorkerThread "G1 Conc#1"                       [id=18180, stack(0x000000403eb00000,0x000000403ec00000) (1024K)]
  0x0000021cee835830 WorkerThread "G1 Conc#2"                       [id=10540, stack(0x000000403ec00000,0x000000403ed00000) (1024K)]
  0x0000021ce7e85a20 ConcurrentGCThread "G1 Refine#0"               [id=7136, stack(0x000000403c500000,0x000000403c600000) (1024K)]
  0x0000021ce7e863a0 ConcurrentGCThread "G1 Service"                [id=14404, stack(0x000000403c600000,0x000000403c700000) (1024K)]
Total: 21

Threads with active compile tasks:
C2 CompilerThread0  101776 14510       4       org.jetbrains.kotlin.serialization.deserialization.descriptors.DeserializedPackageMemberScope::getContributedClassifier (26 bytes)
C2 CompilerThread1  101776 14356       4       javax.management.ObjectName::construct (1135 bytes)
Total: 2

VM state: not at safepoint (normal execution)

VM Mutex/Monitor currently owned by a thread: None

Heap address: 0x00000000c0000000, size: 1024 MB, Compressed Oops mode: 32-bit

CDS archive(s) not mapped
Compressed class space mapped at: 0x0000000100000000-0x000000010d000000, reserved size: 218103808
Narrow klass base: 0x0000000000000000, Narrow klass shift: 3, Narrow klass range: 0x10d000000

GC Precious Log:
 CardTable entry size: 512
 Card Set container configuration: InlinePtr #cards 5 size 8 Array Of Cards #cards 12 size 40 Howl #buckets 4 coarsen threshold 1843 Howl Bitmap #cards 512 size 80 coarsen threshold 460 Card regions per heap region 1 cards per card region 2048
 CPUs: 16 total, 16 available
 Memory: 14181M
 Large Page Support: Disabled
 NUMA Support: Disabled
 Compressed Oops: Enabled (32-bit)
 Heap Region Size: 1M
 Heap Min Capacity: 8M
 Heap Initial Capacity: 222M
 Heap Max Capacity: 1G
 Pre-touch: Disabled
 Parallel Workers: 13
 Concurrent Workers: 3
 Concurrent Refinement Workers: 13
 Periodic GC: Disabled

Heap:
 garbage-first heap   total 496640K, used 305198K [0x00000000c0000000, 0x0000000100000000)
  region size 1024K, 86 young (88064K), 6 survivors (6144K)
 Metaspace       used 116236K, committed 118272K, reserved 344064K
  class space    used 15399K, committed 16384K, reserved 212992K

Heap Regions: E=young(eden), S=young(survivor), O=old, HS=humongous(starts), HC=humongous(continues), CS=collection set, F=free, TAMS=top-at-mark-start, PB=parsable bottom
|   0|0x00000000c0000000, 0x00000000c0100000, 0x00000000c0100000|100%|HS|  |TAMS 0x00000000c0000000| PB 0x00000000c0000000| Complete 
|   1|0x00000000c0100000, 0x00000000c0200000, 0x00000000c0200000|100%|HC|  |TAMS 0x00000000c0100000| PB 0x00000000c0100000| Complete 
|   2|0x00000000c0200000, 0x00000000c0300000, 0x00000000c0300000|100%|HC|  |TAMS 0x00000000c0200000| PB 0x00000000c0200000| Complete 
|   3|0x00000000c0300000, 0x00000000c0400000, 0x00000000c0400000|100%| O|  |TAMS 0x00000000c0300000| PB 0x00000000c0300000| Untracked 
|   4|0x00000000c0400000, 0x00000000c0500000, 0x00000000c0500000|100%| O|  |TAMS 0x00000000c0400000| PB 0x00000000c0400000| Untracked 
|   5|0x00000000c0500000, 0x00000000c0600000, 0x00000000c0600000|100%| O|  |TAMS 0x00000000c0500000| PB 0x00000000c0500000| Untracked 
|   6|0x00000000c0600000, 0x00000000c0700000, 0x00000000c0700000|100%|HS|  |TAMS 0x00000000c0600000| PB 0x00000000c0600000| Complete 
|   7|0x00000000c0700000, 0x00000000c0800000, 0x00000000c0800000|100%| O|  |TAMS 0x00000000c0700000| PB 0x00000000c0700000| Untracked 
|   8|0x00000000c0800000, 0x00000000c0900000, 0x00000000c0900000|100%| O|  |TAMS 0x00000000c0800000| PB 0x00000000c0800000| Untracked 
|   9|0x00000000c0900000, 0x00000000c0a00000, 0x00000000c0a00000|100%| O|  |TAMS 0x00000000c0900000| PB 0x00000000c0900000| Untracked 
|  10|0x00000000c0a00000, 0x00000000c0a00000, 0x00000000c0b00000|  0%| F|  |TAMS 0x00000000c0a00000| PB 0x00000000c0a00000| Untracked 
|  11|0x00000000c0b00000, 0x00000000c0c00000, 0x00000000c0c00000|100%| O|  |TAMS 0x00000000c0b00000| PB 0x00000000c0b00000| Untracked 
|  12|0x00000000c0c00000, 0x00000000c0d00000, 0x00000000c0d00000|100%| O|  |TAMS 0x00000000c0c00000| PB 0x00000000c0c00000| Untracked 
|  13|0x00000000c0d00000, 0x00000000c0e00000, 0x00000000c0e00000|100%| O|  |TAMS 0x00000000c0d00000| PB 0x00000000c0d00000| Untracked 
|  14|0x00000000c0e00000, 0x00000000c0f00000, 0x00000000c0f00000|100%| O|  |TAMS 0x00000000c0e00000| PB 0x00000000c0e00000| Untracked 
|  15|0x00000000c0f00000, 0x00000000c1000000, 0x00000000c1000000|100%| O|  |TAMS 0x00000000c0f00000| PB 0x00000000c0f00000| Untracked 
|  16|0x00000000c1000000, 0x00000000c1100000, 0x00000000c1100000|100%| O|  |TAMS 0x00000000c1000000| PB 0x00000000c1000000| Untracked 
|  17|0x00000000c1100000, 0x00000000c1200000, 0x00000000c1200000|100%| O|  |TAMS 0x00000000c1100000| PB 0x00000000c1100000| Untracked 
|  18|0x00000000c1200000, 0x00000000c1300000, 0x00000000c1300000|100%| O|  |TAMS 0x00000000c1200000| PB 0x00000000c1200000| Untracked 
|  19|0x00000000c1300000, 0x00000000c1400000, 0x00000000c1400000|100%| O|  |TAMS 0x00000000c1300000| PB 0x00000000c1300000| Untracked 
|  20|0x00000000c1400000, 0x00000000c1500000, 0x00000000c1500000|100%| O|  |TAMS 0x00000000c1400000| PB 0x00000000c1400000| Untracked 
|  21|0x00000000c1500000, 0x00000000c1600000, 0x00000000c1600000|100%| O|  |TAMS 0x00000000c1500000| PB 0x00000000c1500000| Untracked 
|  22|0x00000000c1600000, 0x00000000c1700000, 0x00000000c1700000|100%| O|  |TAMS 0x00000000c1600000| PB 0x00000000c1600000| Untracked 
|  23|0x00000000c1700000, 0x00000000c1800000, 0x00000000c1800000|100%|HS|  |TAMS 0x00000000c1700000| PB 0x00000000c1700000| Complete 
|  24|0x00000000c1800000, 0x00000000c1900000, 0x00000000c1900000|100%|HC|  |TAMS 0x00000000c1800000| PB 0x00000000c1800000| Complete 
|  25|0x00000000c1900000, 0x00000000c1a00000, 0x00000000c1a00000|100%|HC|  |TAMS 0x00000000c1900000| PB 0x00000000c1900000| Complete 
|  26|0x00000000c1a00000, 0x00000000c1b00000, 0x00000000c1b00000|100%|HC|  |TAMS 0x00000000c1a00000| PB 0x00000000c1a00000| Complete 
|  27|0x00000000c1b00000, 0x00000000c1c00000, 0x00000000c1c00000|100%|HC|  |TAMS 0x00000000c1b00000| PB 0x00000000c1b00000| Complete 
|  28|0x00000000c1c00000, 0x00000000c1d00000, 0x00000000c1d00000|100%|HC|  |TAMS 0x00000000c1c00000| PB 0x00000000c1c00000| Complete 
|  29|0x00000000c1d00000, 0x00000000c1e00000, 0x00000000c1e00000|100%|HS|  |TAMS 0x00000000c1d00000| PB 0x00000000c1d00000| Complete 
|  30|0x00000000c1e00000, 0x00000000c1f00000, 0x00000000c1f00000|100%|HS|  |TAMS 0x00000000c1e00000| PB 0x00000000c1e00000| Complete 
|  31|0x00000000c1f00000, 0x00000000c2000000, 0x00000000c2000000|100%|HC|  |TAMS 0x00000000c1f00000| PB 0x00000000c1f00000| Complete 
|  32|0x00000000c2000000, 0x00000000c2100000, 0x00000000c2100000|100%|HC|  |TAMS 0x00000000c2000000| PB 0x00000000c2000000| Complete 
|  33|0x00000000c2100000, 0x00000000c2200000, 0x00000000c2200000|100%|HC|  |TAMS 0x00000000c2100000| PB 0x00000000c2100000| Complete 
|  34|0x00000000c2200000, 0x00000000c2300000, 0x00000000c2300000|100%|HS|  |TAMS 0x00000000c2200000| PB 0x00000000c2200000| Complete 
|  35|0x00000000c2300000, 0x00000000c2400000, 0x00000000c2400000|100%|HC|  |TAMS 0x00000000c2300000| PB 0x00000000c2300000| Complete 
|  36|0x00000000c2400000, 0x00000000c2500000, 0x00000000c2500000|100%|HS|  |TAMS 0x00000000c2400000| PB 0x00000000c2400000| Complete 
|  37|0x00000000c2500000, 0x00000000c2600000, 0x00000000c2600000|100%|HS|  |TAMS 0x00000000c2500000| PB 0x00000000c2500000| Complete 
|  38|0x00000000c2600000, 0x00000000c2700000, 0x00000000c2700000|100%|HC|  |TAMS 0x00000000c2600000| PB 0x00000000c2600000| Complete 
|  39|0x00000000c2700000, 0x00000000c2800000, 0x00000000c2800000|100%|HC|  |TAMS 0x00000000c2700000| PB 0x00000000c2700000| Complete 
|  40|0x00000000c2800000, 0x00000000c2900000, 0x00000000c2900000|100%|HC|  |TAMS 0x00000000c2800000| PB 0x00000000c2800000| Complete 
|  41|0x00000000c2900000, 0x00000000c2a00000, 0x00000000c2a00000|100%|HC|  |TAMS 0x00000000c2900000| PB 0x00000000c2900000| Complete 
|  42|0x00000000c2a00000, 0x00000000c2b00000, 0x00000000c2b00000|100%|HC|  |TAMS 0x00000000c2a00000| PB 0x00000000c2a00000| Complete 
|  43|0x00000000c2b00000, 0x00000000c2c00000, 0x00000000c2c00000|100%|HS|  |TAMS 0x00000000c2b00000| PB 0x00000000c2b00000| Complete 
|  44|0x00000000c2c00000, 0x00000000c2d00000, 0x00000000c2d00000|100%|HS|  |TAMS 0x00000000c2c00000| PB 0x00000000c2c00000| Complete 
|  45|0x00000000c2d00000, 0x00000000c2e00000, 0x00000000c2e00000|100%|HC|  |TAMS 0x00000000c2d00000| PB 0x00000000c2d00000| Complete 
|  46|0x00000000c2e00000, 0x00000000c2f00000, 0x00000000c2f00000|100%|HC|  |TAMS 0x00000000c2e00000| PB 0x00000000c2e00000| Complete 
|  47|0x00000000c2f00000, 0x00000000c3000000, 0x00000000c3000000|100%|HC|  |TAMS 0x00000000c2f00000| PB 0x00000000c2f00000| Complete 
|  48|0x00000000c3000000, 0x00000000c3100000, 0x00000000c3100000|100%|HS|  |TAMS 0x00000000c3000000| PB 0x00000000c3000000| Complete 
|  49|0x00000000c3100000, 0x00000000c3200000, 0x00000000c3200000|100%|HC|  |TAMS 0x00000000c3100000| PB 0x00000000c3100000| Complete 
|  50|0x00000000c3200000, 0x00000000c3300000, 0x00000000c3300000|100%|HS|  |TAMS 0x00000000c3200000| PB 0x00000000c3200000| Complete 
|  51|0x00000000c3300000, 0x00000000c3400000, 0x00000000c3400000|100%| O|  |TAMS 0x00000000c3300000| PB 0x00000000c3300000| Untracked 
|  52|0x00000000c3400000, 0x00000000c3500000, 0x00000000c3500000|100%| O|  |TAMS 0x00000000c3400000| PB 0x00000000c3400000| Untracked 
|  53|0x00000000c3500000, 0x00000000c3600000, 0x00000000c3600000|100%| O|  |TAMS 0x00000000c3500000| PB 0x00000000c3500000| Untracked 
|  54|0x00000000c3600000, 0x00000000c3700000, 0x00000000c3700000|100%| O|  |TAMS 0x00000000c3600000| PB 0x00000000c3600000| Untracked 
|  55|0x00000000c3700000, 0x00000000c3800000, 0x00000000c3800000|100%| O|  |TAMS 0x00000000c3700000| PB 0x00000000c3700000| Untracked 
|  56|0x00000000c3800000, 0x00000000c3900000, 0x00000000c3900000|100%| O|  |TAMS 0x00000000c3800000| PB 0x00000000c3800000| Untracked 
|  57|0x00000000c3900000, 0x00000000c3a00000, 0x00000000c3a00000|100%| O|  |TAMS 0x00000000c3900000| PB 0x00000000c3900000| Untracked 
|  58|0x00000000c3a00000, 0x00000000c3b00000, 0x00000000c3b00000|100%| O|  |TAMS 0x00000000c3a00000| PB 0x00000000c3a00000| Untracked 
|  59|0x00000000c3b00000, 0x00000000c3c00000, 0x00000000c3c00000|100%| O|  |TAMS 0x00000000c3b00000| PB 0x00000000c3b00000| Untracked 
|  60|0x00000000c3c00000, 0x00000000c3d00000, 0x00000000c3d00000|100%| O|  |TAMS 0x00000000c3c00000| PB 0x00000000c3c00000| Untracked 
|  61|0x00000000c3d00000, 0x00000000c3e00000, 0x00000000c3e00000|100%| O|  |TAMS 0x00000000c3d00000| PB 0x00000000c3d00000| Untracked 
|  62|0x00000000c3e00000, 0x00000000c3f00000, 0x00000000c3f00000|100%| O|  |TAMS 0x00000000c3e00000| PB 0x00000000c3e00000| Untracked 
|  63|0x00000000c3f00000, 0x00000000c4000000, 0x00000000c4000000|100%| O|  |TAMS 0x00000000c3f00000| PB 0x00000000c3f00000| Untracked 
|  64|0x00000000c4000000, 0x00000000c4100000, 0x00000000c4100000|100%|HS|  |TAMS 0x00000000c4000000| PB 0x00000000c4000000| Complete 
|  65|0x00000000c4100000, 0x00000000c4200000, 0x00000000c4200000|100%| O|  |TAMS 0x00000000c4100000| PB 0x00000000c4100000| Untracked 
|  66|0x00000000c4200000, 0x00000000c4300000, 0x00000000c4300000|100%| O|  |TAMS 0x00000000c4200000| PB 0x00000000c4200000| Untracked 
|  67|0x00000000c4300000, 0x00000000c4400000, 0x00000000c4400000|100%| O|  |TAMS 0x00000000c4300000| PB 0x00000000c4300000| Untracked 
|  68|0x00000000c4400000, 0x00000000c4500000, 0x00000000c4500000|100%| O|  |TAMS 0x00000000c4400000| PB 0x00000000c4400000| Untracked 
|  69|0x00000000c4500000, 0x00000000c4600000, 0x00000000c4600000|100%| O|  |TAMS 0x00000000c4500000| PB 0x00000000c4500000| Untracked 
|  70|0x00000000c4600000, 0x00000000c4700000, 0x00000000c4700000|100%| O|  |TAMS 0x00000000c4600000| PB 0x00000000c4600000| Untracked 
|  71|0x00000000c4700000, 0x00000000c4800000, 0x00000000c4800000|100%| O|  |TAMS 0x00000000c4700000| PB 0x00000000c4700000| Untracked 
|  72|0x00000000c4800000, 0x00000000c4900000, 0x00000000c4900000|100%| O|  |TAMS 0x00000000c4800000| PB 0x00000000c4800000| Untracked 
|  73|0x00000000c4900000, 0x00000000c4a00000, 0x00000000c4a00000|100%| O|  |TAMS 0x00000000c4900000| PB 0x00000000c4900000| Untracked 
|  74|0x00000000c4a00000, 0x00000000c4b00000, 0x00000000c4b00000|100%| O|  |TAMS 0x00000000c4a00000| PB 0x00000000c4a00000| Untracked 
|  75|0x00000000c4b00000, 0x00000000c4c00000, 0x00000000c4c00000|100%| O|  |TAMS 0x00000000c4b00000| PB 0x00000000c4b00000| Untracked 
|  76|0x00000000c4c00000, 0x00000000c4d00000, 0x00000000c4d00000|100%| O|  |TAMS 0x00000000c4c00000| PB 0x00000000c4c00000| Untracked 
|  77|0x00000000c4d00000, 0x00000000c4e00000, 0x00000000c4e00000|100%| O|  |TAMS 0x00000000c4d00000| PB 0x00000000c4d00000| Untracked 
|  78|0x00000000c4e00000, 0x00000000c4f00000, 0x00000000c4f00000|100%| O|  |TAMS 0x00000000c4e00000| PB 0x00000000c4e00000| Untracked 
|  79|0x00000000c4f00000, 0x00000000c5000000, 0x00000000c5000000|100%| O|  |TAMS 0x00000000c4f00000| PB 0x00000000c4f00000| Untracked 
|  80|0x00000000c5000000, 0x00000000c5100000, 0x00000000c5100000|100%| O|  |TAMS 0x00000000c5000000| PB 0x00000000c5000000| Untracked 
|  81|0x00000000c5100000, 0x00000000c5200000, 0x00000000c5200000|100%| O|  |TAMS 0x00000000c5100000| PB 0x00000000c5100000| Untracked 
|  82|0x00000000c5200000, 0x00000000c5300000, 0x00000000c5300000|100%| O|  |TAMS 0x00000000c5200000| PB 0x00000000c5200000| Untracked 
|  83|0x00000000c5300000, 0x00000000c5400000, 0x00000000c5400000|100%| O|  |TAMS 0x00000000c5300000| PB 0x00000000c5300000| Untracked 
|  84|0x00000000c5400000, 0x00000000c5500000, 0x00000000c5500000|100%| O|  |TAMS 0x00000000c5400000| PB 0x00000000c5400000| Untracked 
|  85|0x00000000c5500000, 0x00000000c5600000, 0x00000000c5600000|100%| O|  |TAMS 0x00000000c5500000| PB 0x00000000c5500000| Untracked 
|  86|0x00000000c5600000, 0x00000000c5700000, 0x00000000c5700000|100%| O|  |TAMS 0x00000000c5600000| PB 0x00000000c5600000| Untracked 
|  87|0x00000000c5700000, 0x00000000c5800000, 0x00000000c5800000|100%| O|  |TAMS 0x00000000c5700000| PB 0x00000000c5700000| Untracked 
|  88|0x00000000c5800000, 0x00000000c5900000, 0x00000000c5900000|100%| O|  |TAMS 0x00000000c5800000| PB 0x00000000c5800000| Untracked 
|  89|0x00000000c5900000, 0x00000000c5a00000, 0x00000000c5a00000|100%| O|  |TAMS 0x00000000c5900000| PB 0x00000000c5900000| Untracked 
|  90|0x00000000c5a00000, 0x00000000c5b00000, 0x00000000c5b00000|100%| O|  |TAMS 0x00000000c5a00000| PB 0x00000000c5a00000| Untracked 
|  91|0x00000000c5b00000, 0x00000000c5c00000, 0x00000000c5c00000|100%| O|  |TAMS 0x00000000c5b00000| PB 0x00000000c5b00000| Untracked 
|  92|0x00000000c5c00000, 0x00000000c5d00000, 0x00000000c5d00000|100%|HS|  |TAMS 0x00000000c5c00000| PB 0x00000000c5c00000| Complete 
|  93|0x00000000c5d00000, 0x00000000c5e00000, 0x00000000c5e00000|100%|HC|  |TAMS 0x00000000c5d00000| PB 0x00000000c5d00000| Complete 
|  94|0x00000000c5e00000, 0x00000000c5f00000, 0x00000000c5f00000|100%| O|  |TAMS 0x00000000c5e00000| PB 0x00000000c5e00000| Untracked 
|  95|0x00000000c5f00000, 0x00000000c6000000, 0x00000000c6000000|100%| O|  |TAMS 0x00000000c5f00000| PB 0x00000000c5f00000| Untracked 
|  96|0x00000000c6000000, 0x00000000c6100000, 0x00000000c6100000|100%| O|  |TAMS 0x00000000c6000000| PB 0x00000000c6000000| Untracked 
|  97|0x00000000c6100000, 0x00000000c6200000, 0x00000000c6200000|100%| O|  |TAMS 0x00000000c6100000| PB 0x00000000c6100000| Untracked 
|  98|0x00000000c6200000, 0x00000000c6300000, 0x00000000c6300000|100%| O|  |TAMS 0x00000000c6200000| PB 0x00000000c6200000| Untracked 
|  99|0x00000000c6300000, 0x00000000c6400000, 0x00000000c6400000|100%| O|  |TAMS 0x00000000c6300000| PB 0x00000000c6300000| Untracked 
| 100|0x00000000c6400000, 0x00000000c6500000, 0x00000000c6500000|100%| O|  |TAMS 0x00000000c6400000| PB 0x00000000c6400000| Untracked 
| 101|0x00000000c6500000, 0x00000000c6600000, 0x00000000c6600000|100%| O|  |TAMS 0x00000000c6500000| PB 0x00000000c6500000| Untracked 
| 102|0x00000000c6600000, 0x00000000c6700000, 0x00000000c6700000|100%| O|  |TAMS 0x00000000c6600000| PB 0x00000000c6600000| Untracked 
| 103|0x00000000c6700000, 0x00000000c6800000, 0x00000000c6800000|100%| O|  |TAMS 0x00000000c6700000| PB 0x00000000c6700000| Untracked 
| 104|0x00000000c6800000, 0x00000000c6900000, 0x00000000c6900000|100%| O|Cm|TAMS 0x00000000c6800000| PB 0x00000000c6800000| Complete 
| 105|0x00000000c6900000, 0x00000000c6a00000, 0x00000000c6a00000|100%| O|  |TAMS 0x00000000c6900000| PB 0x00000000c6900000| Untracked 
| 106|0x00000000c6a00000, 0x00000000c6b00000, 0x00000000c6b00000|100%| O|  |TAMS 0x00000000c6a00000| PB 0x00000000c6a00000| Untracked 
| 107|0x00000000c6b00000, 0x00000000c6c00000, 0x00000000c6c00000|100%| O|  |TAMS 0x00000000c6b00000| PB 0x00000000c6b00000| Untracked 
| 108|0x00000000c6c00000, 0x00000000c6d00000, 0x00000000c6d00000|100%| O|  |TAMS 0x00000000c6c00000| PB 0x00000000c6c00000| Untracked 
| 109|0x00000000c6d00000, 0x00000000c6e00000, 0x00000000c6e00000|100%| O|  |TAMS 0x00000000c6d00000| PB 0x00000000c6d00000| Untracked 
| 110|0x00000000c6e00000, 0x00000000c6f00000, 0x00000000c6f00000|100%| O|  |TAMS 0x00000000c6e00000| PB 0x00000000c6e00000| Untracked 
| 111|0x00000000c6f00000, 0x00000000c7000000, 0x00000000c7000000|100%| O|  |TAMS 0x00000000c6f00000| PB 0x00000000c6f00000| Untracked 
| 112|0x00000000c7000000, 0x00000000c7100000, 0x00000000c7100000|100%| O|  |TAMS 0x00000000c7000000| PB 0x00000000c7000000| Untracked 
| 113|0x00000000c7100000, 0x00000000c7200000, 0x00000000c7200000|100%| O|  |TAMS 0x00000000c7100000| PB 0x00000000c7100000| Untracked 
| 114|0x00000000c7200000, 0x00000000c7300000, 0x00000000c7300000|100%| O|  |TAMS 0x00000000c7200000| PB 0x00000000c7200000| Untracked 
| 115|0x00000000c7300000, 0x00000000c7400000, 0x00000000c7400000|100%| O|  |TAMS 0x00000000c7300000| PB 0x00000000c7300000| Untracked 
| 116|0x00000000c7400000, 0x00000000c7500000, 0x00000000c7500000|100%| O|  |TAMS 0x00000000c7400000| PB 0x00000000c7400000| Untracked 
| 117|0x00000000c7500000, 0x00000000c7600000, 0x00000000c7600000|100%| O|  |TAMS 0x00000000c7500000| PB 0x00000000c7500000| Untracked 
| 118|0x00000000c7600000, 0x00000000c7700000, 0x00000000c7700000|100%| O|  |TAMS 0x00000000c7600000| PB 0x00000000c7600000| Untracked 
| 119|0x00000000c7700000, 0x00000000c7800000, 0x00000000c7800000|100%| O|  |TAMS 0x00000000c7700000| PB 0x00000000c7700000| Untracked 
| 120|0x00000000c7800000, 0x00000000c7900000, 0x00000000c7900000|100%| O|  |TAMS 0x00000000c7800000| PB 0x00000000c7800000| Untracked 
| 121|0x00000000c7900000, 0x00000000c7a00000, 0x00000000c7a00000|100%| O|Cm|TAMS 0x00000000c7900000| PB 0x00000000c7900000| Complete 
| 122|0x00000000c7a00000, 0x00000000c7b00000, 0x00000000c7b00000|100%|HS|  |TAMS 0x00000000c7a00000| PB 0x00000000c7a00000| Complete 
| 123|0x00000000c7b00000, 0x00000000c7c00000, 0x00000000c7c00000|100%| O|  |TAMS 0x00000000c7b00000| PB 0x00000000c7b00000| Untracked 
| 124|0x00000000c7c00000, 0x00000000c7d00000, 0x00000000c7d00000|100%|HS|  |TAMS 0x00000000c7c00000| PB 0x00000000c7c00000| Complete 
| 125|0x00000000c7d00000, 0x00000000c7e00000, 0x00000000c7e00000|100%|HS|  |TAMS 0x00000000c7d00000| PB 0x00000000c7d00000| Complete 
| 126|0x00000000c7e00000, 0x00000000c7f00000, 0x00000000c7f00000|100%| O|  |TAMS 0x00000000c7e00000| PB 0x00000000c7e00000| Untracked 
| 127|0x00000000c7f00000, 0x00000000c8000000, 0x00000000c8000000|100%| O|  |TAMS 0x00000000c7f00000| PB 0x00000000c7f00000| Untracked 
| 128|0x00000000c8000000, 0x00000000c8100000, 0x00000000c8100000|100%| O|  |TAMS 0x00000000c8000000| PB 0x00000000c8000000| Untracked 
| 129|0x00000000c8100000, 0x00000000c8200000, 0x00000000c8200000|100%| O|  |TAMS 0x00000000c8100000| PB 0x00000000c8100000| Untracked 
| 130|0x00000000c8200000, 0x00000000c8300000, 0x00000000c8300000|100%| O|  |TAMS 0x00000000c8200000| PB 0x00000000c8200000| Untracked 
| 131|0x00000000c8300000, 0x00000000c8400000, 0x00000000c8400000|100%| O|  |TAMS 0x00000000c8300000| PB 0x00000000c8300000| Untracked 
| 132|0x00000000c8400000, 0x00000000c8500000, 0x00000000c8500000|100%| O|  |TAMS 0x00000000c8400000| PB 0x00000000c8400000| Untracked 
| 133|0x00000000c8500000, 0x00000000c8600000, 0x00000000c8600000|100%| O|  |TAMS 0x00000000c8500000| PB 0x00000000c8500000| Untracked 
| 134|0x00000000c8600000, 0x00000000c8700000, 0x00000000c8700000|100%| O|  |TAMS 0x00000000c8600000| PB 0x00000000c8600000| Untracked 
| 135|0x00000000c8700000, 0x00000000c8800000, 0x00000000c8800000|100%| O|  |TAMS 0x00000000c8700000| PB 0x00000000c8700000| Untracked 
| 136|0x00000000c8800000, 0x00000000c8900000, 0x00000000c8900000|100%| O|Cm|TAMS 0x00000000c8800000| PB 0x00000000c8800000| Complete 
| 137|0x00000000c8900000, 0x00000000c8a00000, 0x00000000c8a00000|100%| O|  |TAMS 0x00000000c8900000| PB 0x00000000c8900000| Untracked 
| 138|0x00000000c8a00000, 0x00000000c8b00000, 0x00000000c8b00000|100%| O|  |TAMS 0x00000000c8a00000| PB 0x00000000c8a00000| Untracked 
| 139|0x00000000c8b00000, 0x00000000c8c00000, 0x00000000c8c00000|100%| O|  |TAMS 0x00000000c8b00000| PB 0x00000000c8b00000| Untracked 
| 140|0x00000000c8c00000, 0x00000000c8c00000, 0x00000000c8d00000|  0%| F|  |TAMS 0x00000000c8c00000| PB 0x00000000c8c00000| Untracked 
| 141|0x00000000c8d00000, 0x00000000c8e00000, 0x00000000c8e00000|100%| O|  |TAMS 0x00000000c8d00000| PB 0x00000000c8d00000| Untracked 
| 142|0x00000000c8e00000, 0x00000000c8f00000, 0x00000000c8f00000|100%| O|  |TAMS 0x00000000c8e00000| PB 0x00000000c8e00000| Untracked 
| 143|0x00000000c8f00000, 0x00000000c9000000, 0x00000000c9000000|100%| O|  |TAMS 0x00000000c8f00000| PB 0x00000000c8f00000| Untracked 
| 144|0x00000000c9000000, 0x00000000c9100000, 0x00000000c9100000|100%| O|  |TAMS 0x00000000c9000000| PB 0x00000000c9000000| Untracked 
| 145|0x00000000c9100000, 0x00000000c9200000, 0x00000000c9200000|100%| O|  |TAMS 0x00000000c9100000| PB 0x00000000c9100000| Untracked 
| 146|0x00000000c9200000, 0x00000000c9300000, 0x00000000c9300000|100%| O|  |TAMS 0x00000000c9200000| PB 0x00000000c9200000| Untracked 
| 147|0x00000000c9300000, 0x00000000c9400000, 0x00000000c9400000|100%| O|  |TAMS 0x00000000c9300000| PB 0x00000000c9300000| Untracked 
| 148|0x00000000c9400000, 0x00000000c9500000, 0x00000000c9500000|100%| O|  |TAMS 0x00000000c9400000| PB 0x00000000c9400000| Untracked 
| 149|0x00000000c9500000, 0x00000000c9500000, 0x00000000c9600000|  0%| F|  |TAMS 0x00000000c9500000| PB 0x00000000c9500000| Untracked 
| 150|0x00000000c9600000, 0x00000000c9700000, 0x00000000c9700000|100%| O|  |TAMS 0x00000000c9600000| PB 0x00000000c9600000| Untracked 
| 151|0x00000000c9700000, 0x00000000c9800000, 0x00000000c9800000|100%| O|  |TAMS 0x00000000c9700000| PB 0x00000000c9700000| Untracked 
| 152|0x00000000c9800000, 0x00000000c9900000, 0x00000000c9900000|100%|HS|  |TAMS 0x00000000c9800000| PB 0x00000000c9800000| Complete 
| 153|0x00000000c9900000, 0x00000000c9a00000, 0x00000000c9a00000|100%|HC|  |TAMS 0x00000000c9900000| PB 0x00000000c9900000| Complete 
| 154|0x00000000c9a00000, 0x00000000c9b00000, 0x00000000c9b00000|100%|HC|  |TAMS 0x00000000c9a00000| PB 0x00000000c9a00000| Complete 
| 155|0x00000000c9b00000, 0x00000000c9c00000, 0x00000000c9c00000|100%|HC|  |TAMS 0x00000000c9b00000| PB 0x00000000c9b00000| Complete 
| 156|0x00000000c9c00000, 0x00000000c9d00000, 0x00000000c9d00000|100%|HC|  |TAMS 0x00000000c9c00000| PB 0x00000000c9c00000| Complete 
| 157|0x00000000c9d00000, 0x00000000c9e00000, 0x00000000c9e00000|100%|HC|  |TAMS 0x00000000c9d00000| PB 0x00000000c9d00000| Complete 
| 158|0x00000000c9e00000, 0x00000000c9f00000, 0x00000000c9f00000|100%| O|  |TAMS 0x00000000c9e00000| PB 0x00000000c9e00000| Untracked 
| 159|0x00000000c9f00000, 0x00000000ca000000, 0x00000000ca000000|100%| O|  |TAMS 0x00000000c9f00000| PB 0x00000000c9f00000| Untracked 
| 160|0x00000000ca000000, 0x00000000ca100000, 0x00000000ca100000|100%| O|  |TAMS 0x00000000ca000000| PB 0x00000000ca000000| Untracked 
| 161|0x00000000ca100000, 0x00000000ca200000, 0x00000000ca200000|100%| O|Cm|TAMS 0x00000000ca100000| PB 0x00000000ca100000| Complete 
| 162|0x00000000ca200000, 0x00000000ca300000, 0x00000000ca300000|100%|HS|  |TAMS 0x00000000ca200000| PB 0x00000000ca200000| Complete 
| 163|0x00000000ca300000, 0x00000000ca300000, 0x00000000ca400000|  0%| F|  |TAMS 0x00000000ca300000| PB 0x00000000ca300000| Untracked 
| 164|0x00000000ca400000, 0x00000000ca400000, 0x00000000ca500000|  0%| F|  |TAMS 0x00000000ca400000| PB 0x00000000ca400000| Untracked 
| 165|0x00000000ca500000, 0x00000000ca500000, 0x00000000ca600000|  0%| F|  |TAMS 0x00000000ca500000| PB 0x00000000ca500000| Untracked 
| 166|0x00000000ca600000, 0x00000000ca700000, 0x00000000ca700000|100%| O|  |TAMS 0x00000000ca600000| PB 0x00000000ca600000| Untracked 
| 167|0x00000000ca700000, 0x00000000ca800000, 0x00000000ca800000|100%| O|Cm|TAMS 0x00000000ca700000| PB 0x00000000ca700000| Complete 
| 168|0x00000000ca800000, 0x00000000ca900000, 0x00000000ca900000|100%| O|  |TAMS 0x00000000ca800000| PB 0x00000000ca800000| Untracked 
| 169|0x00000000ca900000, 0x00000000caa00000, 0x00000000caa00000|100%|HS|  |TAMS 0x00000000ca900000| PB 0x00000000ca900000| Complete 
| 170|0x00000000caa00000, 0x00000000cab00000, 0x00000000cab00000|100%|HC|  |TAMS 0x00000000caa00000| PB 0x00000000caa00000| Complete 
| 171|0x00000000cab00000, 0x00000000cac00000, 0x00000000cac00000|100%|HC|  |TAMS 0x00000000cab00000| PB 0x00000000cab00000| Complete 
| 172|0x00000000cac00000, 0x00000000cad00000, 0x00000000cad00000|100%|HC|  |TAMS 0x00000000cac00000| PB 0x00000000cac00000| Complete 
| 173|0x00000000cad00000, 0x00000000cae00000, 0x00000000cae00000|100%|HC|  |TAMS 0x00000000cad00000| PB 0x00000000cad00000| Complete 
| 174|0x00000000cae00000, 0x00000000caf00000, 0x00000000caf00000|100%|HC|  |TAMS 0x00000000cae00000| PB 0x00000000cae00000| Complete 
| 175|0x00000000caf00000, 0x00000000cb000000, 0x00000000cb000000|100%| O|  |TAMS 0x00000000caf00000| PB 0x00000000caf00000| Untracked 
| 176|0x00000000cb000000, 0x00000000cb100000, 0x00000000cb100000|100%| O|  |TAMS 0x00000000cb000000| PB 0x00000000cb000000| Untracked 
| 177|0x00000000cb100000, 0x00000000cb100000, 0x00000000cb200000|  0%| F|  |TAMS 0x00000000cb100000| PB 0x00000000cb100000| Untracked 
| 178|0x00000000cb200000, 0x00000000cb300000, 0x00000000cb300000|100%| O|  |TAMS 0x00000000cb200000| PB 0x00000000cb200000| Untracked 
| 179|0x00000000cb300000, 0x00000000cb400000, 0x00000000cb400000|100%| O|  |TAMS 0x00000000cb300000| PB 0x00000000cb300000| Untracked 
| 180|0x00000000cb400000, 0x00000000cb500000, 0x00000000cb500000|100%| O|  |TAMS 0x00000000cb400000| PB 0x00000000cb400000| Untracked 
| 181|0x00000000cb500000, 0x00000000cb600000, 0x00000000cb600000|100%| O|  |TAMS 0x00000000cb500000| PB 0x00000000cb500000| Untracked 
| 182|0x00000000cb600000, 0x00000000cb700000, 0x00000000cb700000|100%| O|  |TAMS 0x00000000cb600000| PB 0x00000000cb600000| Untracked 
| 183|0x00000000cb700000, 0x00000000cb800000, 0x00000000cb800000|100%| O|  |TAMS 0x00000000cb700000| PB 0x00000000cb700000| Untracked 
| 184|0x00000000cb800000, 0x00000000cb900000, 0x00000000cb900000|100%| O|  |TAMS 0x00000000cb800000| PB 0x00000000cb800000| Untracked 
| 185|0x00000000cb900000, 0x00000000cba00000, 0x00000000cba00000|100%| O|  |TAMS 0x00000000cb900000| PB 0x00000000cb900000| Untracked 
| 186|0x00000000cba00000, 0x00000000cbb00000, 0x00000000cbb00000|100%| O|  |TAMS 0x00000000cba00000| PB 0x00000000cba00000| Untracked 
| 187|0x00000000cbb00000, 0x00000000cbc00000, 0x00000000cbc00000|100%| O|  |TAMS 0x00000000cbb00000| PB 0x00000000cbb00000| Untracked 
| 188|0x00000000cbc00000, 0x00000000cbd00000, 0x00000000cbd00000|100%| O|  |TAMS 0x00000000cbc00000| PB 0x00000000cbc00000| Untracked 
| 189|0x00000000cbd00000, 0x00000000cbe00000, 0x00000000cbe00000|100%| O|  |TAMS 0x00000000cbd00000| PB 0x00000000cbd00000| Untracked 
| 190|0x00000000cbe00000, 0x00000000cbf00000, 0x00000000cbf00000|100%| O|  |TAMS 0x00000000cbe00000| PB 0x00000000cbe00000| Untracked 
| 191|0x00000000cbf00000, 0x00000000cc000000, 0x00000000cc000000|100%| O|  |TAMS 0x00000000cbf00000| PB 0x00000000cbf00000| Untracked 
| 192|0x00000000cc000000, 0x00000000cc100000, 0x00000000cc100000|100%|HS|  |TAMS 0x00000000cc000000| PB 0x00000000cc000000| Complete 
| 193|0x00000000cc100000, 0x00000000cc200000, 0x00000000cc200000|100%|HC|  |TAMS 0x00000000cc100000| PB 0x00000000cc100000| Complete 
| 194|0x00000000cc200000, 0x00000000cc300000, 0x00000000cc300000|100%|HC|  |TAMS 0x00000000cc200000| PB 0x00000000cc200000| Complete 
| 195|0x00000000cc300000, 0x00000000cc400000, 0x00000000cc400000|100%|HC|  |TAMS 0x00000000cc300000| PB 0x00000000cc300000| Complete 
| 196|0x00000000cc400000, 0x00000000cc500000, 0x00000000cc500000|100%|HC|  |TAMS 0x00000000cc400000| PB 0x00000000cc400000| Complete 
| 197|0x00000000cc500000, 0x00000000cc600000, 0x00000000cc600000|100%|HC|  |TAMS 0x00000000cc500000| PB 0x00000000cc500000| Complete 
| 198|0x00000000cc600000, 0x00000000cc600000, 0x00000000cc700000|  0%| F|  |TAMS 0x00000000cc600000| PB 0x00000000cc600000| Untracked 
| 199|0x00000000cc700000, 0x00000000cc700000, 0x00000000cc800000|  0%| F|  |TAMS 0x00000000cc700000| PB 0x00000000cc700000| Untracked 
| 200|0x00000000cc800000, 0x00000000cc800000, 0x00000000cc900000|  0%| F|  |TAMS 0x00000000cc800000| PB 0x00000000cc800000| Untracked 
| 201|0x00000000cc900000, 0x00000000cca00000, 0x00000000cca00000|100%| O|  |TAMS 0x00000000cc900000| PB 0x00000000cc900000| Untracked 
| 202|0x00000000cca00000, 0x00000000ccb00000, 0x00000000ccb00000|100%| O|  |TAMS 0x00000000cca00000| PB 0x00000000cca00000| Untracked 
| 203|0x00000000ccb00000, 0x00000000ccc00000, 0x00000000ccc00000|100%| O|  |TAMS 0x00000000ccb00000| PB 0x00000000ccb00000| Untracked 
| 204|0x00000000ccc00000, 0x00000000ccd00000, 0x00000000ccd00000|100%| O|  |TAMS 0x00000000ccc00000| PB 0x00000000ccc00000| Untracked 
| 205|0x00000000ccd00000, 0x00000000cce00000, 0x00000000cce00000|100%| O|  |TAMS 0x00000000ccd00000| PB 0x00000000ccd00000| Untracked 
| 206|0x00000000cce00000, 0x00000000ccf00000, 0x00000000ccf00000|100%| O|  |TAMS 0x00000000cce00000| PB 0x00000000cce00000| Untracked 
| 207|0x00000000ccf00000, 0x00000000cd000000, 0x00000000cd000000|100%| O|  |TAMS 0x00000000ccf00000| PB 0x00000000ccf00000| Untracked 
| 208|0x00000000cd000000, 0x00000000cd100000, 0x00000000cd100000|100%| O|  |TAMS 0x00000000cd000000| PB 0x00000000cd000000| Untracked 
| 209|0x00000000cd100000, 0x00000000cd200000, 0x00000000cd200000|100%| O|  |TAMS 0x00000000cd100000| PB 0x00000000cd100000| Untracked 
| 210|0x00000000cd200000, 0x00000000cd300000, 0x00000000cd300000|100%| O|  |TAMS 0x00000000cd200000| PB 0x00000000cd200000| Untracked 
| 211|0x00000000cd300000, 0x00000000cd400000, 0x00000000cd400000|100%| O|  |TAMS 0x00000000cd300000| PB 0x00000000cd300000| Untracked 
| 212|0x00000000cd400000, 0x00000000cd500000, 0x00000000cd500000|100%| O|  |TAMS 0x00000000cd400000| PB 0x00000000cd400000| Untracked 
| 213|0x00000000cd500000, 0x00000000cd600000, 0x00000000cd600000|100%| O|  |TAMS 0x00000000cd500000| PB 0x00000000cd500000| Untracked 
| 214|0x00000000cd600000, 0x00000000cd700000, 0x00000000cd700000|100%| O|  |TAMS 0x00000000cd600000| PB 0x00000000cd600000| Untracked 
| 215|0x00000000cd700000, 0x00000000cd800000, 0x00000000cd800000|100%| O|  |TAMS 0x00000000cd700000| PB 0x00000000cd700000| Untracked 
| 216|0x00000000cd800000, 0x00000000cd900000, 0x00000000cd900000|100%| O|  |TAMS 0x00000000cd800000| PB 0x00000000cd800000| Untracked 
| 217|0x00000000cd900000, 0x00000000cda00000, 0x00000000cda00000|100%| O|  |TAMS 0x00000000cd900000| PB 0x00000000cd900000| Untracked 
| 218|0x00000000cda00000, 0x00000000cda27680, 0x00000000cdb00000| 15%| O|  |TAMS 0x00000000cda00000| PB 0x00000000cda00000| Untracked 
| 219|0x00000000cdb00000, 0x00000000cdb00000, 0x00000000cdc00000|  0%| F|  |TAMS 0x00000000cdb00000| PB 0x00000000cdb00000| Untracked 
| 220|0x00000000cdc00000, 0x00000000cdc00000, 0x00000000cdd00000|  0%| F|  |TAMS 0x00000000cdc00000| PB 0x00000000cdc00000| Untracked 
| 221|0x00000000cdd00000, 0x00000000cdd00000, 0x00000000cde00000|  0%| F|  |TAMS 0x00000000cdd00000| PB 0x00000000cdd00000| Untracked 
| 222|0x00000000cde00000, 0x00000000cde00000, 0x00000000cdf00000|  0%| F|  |TAMS 0x00000000cde00000| PB 0x00000000cde00000| Untracked 
| 223|0x00000000cdf00000, 0x00000000cdf00000, 0x00000000ce000000|  0%| F|  |TAMS 0x00000000cdf00000| PB 0x00000000cdf00000| Untracked 
| 224|0x00000000ce000000, 0x00000000ce000000, 0x00000000ce100000|  0%| F|  |TAMS 0x00000000ce000000| PB 0x00000000ce000000| Untracked 
| 225|0x00000000ce100000, 0x00000000ce100000, 0x00000000ce200000|  0%| F|  |TAMS 0x00000000ce100000| PB 0x00000000ce100000| Untracked 
| 226|0x00000000ce200000, 0x00000000ce200000, 0x00000000ce300000|  0%| F|  |TAMS 0x00000000ce200000| PB 0x00000000ce200000| Untracked 
| 227|0x00000000ce300000, 0x00000000ce300000, 0x00000000ce400000|  0%| F|  |TAMS 0x00000000ce300000| PB 0x00000000ce300000| Untracked 
| 228|0x00000000ce400000, 0x00000000ce400000, 0x00000000ce500000|  0%| F|  |TAMS 0x00000000ce400000| PB 0x00000000ce400000| Untracked 
| 229|0x00000000ce500000, 0x00000000ce500000, 0x00000000ce600000|  0%| F|  |TAMS 0x00000000ce500000| PB 0x00000000ce500000| Untracked 
| 230|0x00000000ce600000, 0x00000000ce600000, 0x00000000ce700000|  0%| F|  |TAMS 0x00000000ce600000| PB 0x00000000ce600000| Untracked 
| 231|0x00000000ce700000, 0x00000000ce700000, 0x00000000ce800000|  0%| F|  |TAMS 0x00000000ce700000| PB 0x00000000ce700000| Untracked 
| 232|0x00000000ce800000, 0x00000000ce900000, 0x00000000ce900000|100%| O|  |TAMS 0x00000000ce800000| PB 0x00000000ce800000| Untracked 
| 233|0x00000000ce900000, 0x00000000ce900000, 0x00000000cea00000|  0%| F|  |TAMS 0x00000000ce900000| PB 0x00000000ce900000| Untracked 
| 234|0x00000000cea00000, 0x00000000cea00000, 0x00000000ceb00000|  0%| F|  |TAMS 0x00000000cea00000| PB 0x00000000cea00000| Untracked 
| 235|0x00000000ceb00000, 0x00000000ceb00000, 0x00000000cec00000|  0%| F|  |TAMS 0x00000000ceb00000| PB 0x00000000ceb00000| Untracked 
| 236|0x00000000cec00000, 0x00000000cec00000, 0x00000000ced00000|  0%| F|  |TAMS 0x00000000cec00000| PB 0x00000000cec00000| Untracked 
| 237|0x00000000ced00000, 0x00000000ced00000, 0x00000000cee00000|  0%| F|  |TAMS 0x00000000ced00000| PB 0x00000000ced00000| Untracked 
| 238|0x00000000cee00000, 0x00000000cee00000, 0x00000000cef00000|  0%| F|  |TAMS 0x00000000cee00000| PB 0x00000000cee00000| Untracked 
| 239|0x00000000cef00000, 0x00000000cef00000, 0x00000000cf000000|  0%| F|  |TAMS 0x00000000cef00000| PB 0x00000000cef00000| Untracked 
| 240|0x00000000cf000000, 0x00000000cf000000, 0x00000000cf100000|  0%| F|  |TAMS 0x00000000cf000000| PB 0x00000000cf000000| Untracked 
| 241|0x00000000cf100000, 0x00000000cf100000, 0x00000000cf200000|  0%| F|  |TAMS 0x00000000cf100000| PB 0x00000000cf100000| Untracked 
| 242|0x00000000cf200000, 0x00000000cf200000, 0x00000000cf300000|  0%| F|  |TAMS 0x00000000cf200000| PB 0x00000000cf200000| Untracked 
| 243|0x00000000cf300000, 0x00000000cf300000, 0x00000000cf400000|  0%| F|  |TAMS 0x00000000cf300000| PB 0x00000000cf300000| Untracked 
| 244|0x00000000cf400000, 0x00000000cf400000, 0x00000000cf500000|  0%| F|  |TAMS 0x00000000cf400000| PB 0x00000000cf400000| Untracked 
| 245|0x00000000cf500000, 0x00000000cf500000, 0x00000000cf600000|  0%| F|  |TAMS 0x00000000cf500000| PB 0x00000000cf500000| Untracked 
| 246|0x00000000cf600000, 0x00000000cf600000, 0x00000000cf700000|  0%| F|  |TAMS 0x00000000cf600000| PB 0x00000000cf600000| Untracked 
| 247|0x00000000cf700000, 0x00000000cf700000, 0x00000000cf800000|  0%| F|  |TAMS 0x00000000cf700000| PB 0x00000000cf700000| Untracked 
| 248|0x00000000cf800000, 0x00000000cf800000, 0x00000000cf900000|  0%| F|  |TAMS 0x00000000cf800000| PB 0x00000000cf800000| Untracked 
| 249|0x00000000cf900000, 0x00000000cf900000, 0x00000000cfa00000|  0%| F|  |TAMS 0x00000000cf900000| PB 0x00000000cf900000| Untracked 
| 250|0x00000000cfa00000, 0x00000000cfa00000, 0x00000000cfb00000|  0%| F|  |TAMS 0x00000000cfa00000| PB 0x00000000cfa00000| Untracked 
| 251|0x00000000cfb00000, 0x00000000cfb00000, 0x00000000cfc00000|  0%| F|  |TAMS 0x00000000cfb00000| PB 0x00000000cfb00000| Untracked 
| 252|0x00000000cfc00000, 0x00000000cfc00000, 0x00000000cfd00000|  0%| F|  |TAMS 0x00000000cfc00000| PB 0x00000000cfc00000| Untracked 
| 253|0x00000000cfd00000, 0x00000000cfd00000, 0x00000000cfe00000|  0%| F|  |TAMS 0x00000000cfd00000| PB 0x00000000cfd00000| Untracked 
| 254|0x00000000cfe00000, 0x00000000cfe00000, 0x00000000cff00000|  0%| F|  |TAMS 0x00000000cfe00000| PB 0x00000000cfe00000| Untracked 
| 255|0x00000000cff00000, 0x00000000cff00000, 0x00000000d0000000|  0%| F|  |TAMS 0x00000000cff00000| PB 0x00000000cff00000| Untracked 
| 256|0x00000000d0000000, 0x00000000d0000000, 0x00000000d0100000|  0%| F|  |TAMS 0x00000000d0000000| PB 0x00000000d0000000| Untracked 
| 257|0x00000000d0100000, 0x00000000d0100000, 0x00000000d0200000|  0%| F|  |TAMS 0x00000000d0100000| PB 0x00000000d0100000| Untracked 
| 258|0x00000000d0200000, 0x00000000d0200000, 0x00000000d0300000|  0%| F|  |TAMS 0x00000000d0200000| PB 0x00000000d0200000| Untracked 
| 259|0x00000000d0300000, 0x00000000d0300000, 0x00000000d0400000|  0%| F|  |TAMS 0x00000000d0300000| PB 0x00000000d0300000| Untracked 
| 260|0x00000000d0400000, 0x00000000d0400000, 0x00000000d0500000|  0%| F|  |TAMS 0x00000000d0400000| PB 0x00000000d0400000| Untracked 
| 261|0x00000000d0500000, 0x00000000d0500000, 0x00000000d0600000|  0%| F|  |TAMS 0x00000000d0500000| PB 0x00000000d0500000| Untracked 
| 262|0x00000000d0600000, 0x00000000d0600000, 0x00000000d0700000|  0%| F|  |TAMS 0x00000000d0600000| PB 0x00000000d0600000| Untracked 
| 263|0x00000000d0700000, 0x00000000d0700000, 0x00000000d0800000|  0%| F|  |TAMS 0x00000000d0700000| PB 0x00000000d0700000| Untracked 
| 264|0x00000000d0800000, 0x00000000d0800000, 0x00000000d0900000|  0%| F|  |TAMS 0x00000000d0800000| PB 0x00000000d0800000| Untracked 
| 265|0x00000000d0900000, 0x00000000d0900000, 0x00000000d0a00000|  0%| F|  |TAMS 0x00000000d0900000| PB 0x00000000d0900000| Untracked 
| 266|0x00000000d0a00000, 0x00000000d0a00000, 0x00000000d0b00000|  0%| F|  |TAMS 0x00000000d0a00000| PB 0x00000000d0a00000| Untracked 
| 267|0x00000000d0b00000, 0x00000000d0b00000, 0x00000000d0c00000|  0%| F|  |TAMS 0x00000000d0b00000| PB 0x00000000d0b00000| Untracked 
| 268|0x00000000d0c00000, 0x00000000d0c00000, 0x00000000d0d00000|  0%| F|  |TAMS 0x00000000d0c00000| PB 0x00000000d0c00000| Untracked 
| 269|0x00000000d0d00000, 0x00000000d0d00000, 0x00000000d0e00000|  0%| F|  |TAMS 0x00000000d0d00000| PB 0x00000000d0d00000| Untracked 
| 270|0x00000000d0e00000, 0x00000000d0e00000, 0x00000000d0f00000|  0%| F|  |TAMS 0x00000000d0e00000| PB 0x00000000d0e00000| Untracked 
| 271|0x00000000d0f00000, 0x00000000d0f00000, 0x00000000d1000000|  0%| F|  |TAMS 0x00000000d0f00000| PB 0x00000000d0f00000| Untracked 
| 272|0x00000000d1000000, 0x00000000d1000000, 0x00000000d1100000|  0%| F|  |TAMS 0x00000000d1000000| PB 0x00000000d1000000| Untracked 
| 273|0x00000000d1100000, 0x00000000d1100000, 0x00000000d1200000|  0%| F|  |TAMS 0x00000000d1100000| PB 0x00000000d1100000| Untracked 
| 274|0x00000000d1200000, 0x00000000d1200000, 0x00000000d1300000|  0%| F|  |TAMS 0x00000000d1200000| PB 0x00000000d1200000| Untracked 
| 275|0x00000000d1300000, 0x00000000d1300000, 0x00000000d1400000|  0%| F|  |TAMS 0x00000000d1300000| PB 0x00000000d1300000| Untracked 
| 276|0x00000000d1400000, 0x00000000d1400000, 0x00000000d1500000|  0%| F|  |TAMS 0x00000000d1400000| PB 0x00000000d1400000| Untracked 
| 277|0x00000000d1500000, 0x00000000d1500000, 0x00000000d1600000|  0%| F|  |TAMS 0x00000000d1500000| PB 0x00000000d1500000| Untracked 
| 278|0x00000000d1600000, 0x00000000d1600000, 0x00000000d1700000|  0%| F|  |TAMS 0x00000000d1600000| PB 0x00000000d1600000| Untracked 
| 279|0x00000000d1700000, 0x00000000d1700000, 0x00000000d1800000|  0%| F|  |TAMS 0x00000000d1700000| PB 0x00000000d1700000| Untracked 
| 280|0x00000000d1800000, 0x00000000d1800000, 0x00000000d1900000|  0%| F|  |TAMS 0x00000000d1800000| PB 0x00000000d1800000| Untracked 
| 281|0x00000000d1900000, 0x00000000d1900000, 0x00000000d1a00000|  0%| F|  |TAMS 0x00000000d1900000| PB 0x00000000d1900000| Untracked 
| 282|0x00000000d1a00000, 0x00000000d1a00000, 0x00000000d1b00000|  0%| F|  |TAMS 0x00000000d1a00000| PB 0x00000000d1a00000| Untracked 
| 283|0x00000000d1b00000, 0x00000000d1b00000, 0x00000000d1c00000|  0%| F|  |TAMS 0x00000000d1b00000| PB 0x00000000d1b00000| Untracked 
| 284|0x00000000d1c00000, 0x00000000d1c00000, 0x00000000d1d00000|  0%| F|  |TAMS 0x00000000d1c00000| PB 0x00000000d1c00000| Untracked 
| 285|0x00000000d1d00000, 0x00000000d1d00000, 0x00000000d1e00000|  0%| F|  |TAMS 0x00000000d1d00000| PB 0x00000000d1d00000| Untracked 
| 286|0x00000000d1e00000, 0x00000000d1e00000, 0x00000000d1f00000|  0%| F|  |TAMS 0x00000000d1e00000| PB 0x00000000d1e00000| Untracked 
| 287|0x00000000d1f00000, 0x00000000d1f00000, 0x00000000d2000000|  0%| F|  |TAMS 0x00000000d1f00000| PB 0x00000000d1f00000| Untracked 
| 288|0x00000000d2000000, 0x00000000d2000000, 0x00000000d2100000|  0%| F|  |TAMS 0x00000000d2000000| PB 0x00000000d2000000| Untracked 
| 289|0x00000000d2100000, 0x00000000d2100000, 0x00000000d2200000|  0%| F|  |TAMS 0x00000000d2100000| PB 0x00000000d2100000| Untracked 
| 290|0x00000000d2200000, 0x00000000d2200000, 0x00000000d2300000|  0%| F|  |TAMS 0x00000000d2200000| PB 0x00000000d2200000| Untracked 
| 291|0x00000000d2300000, 0x00000000d2300000, 0x00000000d2400000|  0%| F|  |TAMS 0x00000000d2300000| PB 0x00000000d2300000| Untracked 
| 292|0x00000000d2400000, 0x00000000d2400000, 0x00000000d2500000|  0%| F|  |TAMS 0x00000000d2400000| PB 0x00000000d2400000| Untracked 
| 293|0x00000000d2500000, 0x00000000d2500000, 0x00000000d2600000|  0%| F|  |TAMS 0x00000000d2500000| PB 0x00000000d2500000| Untracked 
| 294|0x00000000d2600000, 0x00000000d2600000, 0x00000000d2700000|  0%| F|  |TAMS 0x00000000d2600000| PB 0x00000000d2600000| Untracked 
| 295|0x00000000d2700000, 0x00000000d2700000, 0x00000000d2800000|  0%| F|  |TAMS 0x00000000d2700000| PB 0x00000000d2700000| Untracked 
| 296|0x00000000d2800000, 0x00000000d2800000, 0x00000000d2900000|  0%| F|  |TAMS 0x00000000d2800000| PB 0x00000000d2800000| Untracked 
| 297|0x00000000d2900000, 0x00000000d2900000, 0x00000000d2a00000|  0%| F|  |TAMS 0x00000000d2900000| PB 0x00000000d2900000| Untracked 
| 298|0x00000000d2a00000, 0x00000000d2a00000, 0x00000000d2b00000|  0%| F|  |TAMS 0x00000000d2a00000| PB 0x00000000d2a00000| Untracked 
| 299|0x00000000d2b00000, 0x00000000d2b00000, 0x00000000d2c00000|  0%| F|  |TAMS 0x00000000d2b00000| PB 0x00000000d2b00000| Untracked 
| 300|0x00000000d2c00000, 0x00000000d2c00000, 0x00000000d2d00000|  0%| F|  |TAMS 0x00000000d2c00000| PB 0x00000000d2c00000| Untracked 
| 301|0x00000000d2d00000, 0x00000000d2d00000, 0x00000000d2e00000|  0%| F|  |TAMS 0x00000000d2d00000| PB 0x00000000d2d00000| Untracked 
| 302|0x00000000d2e00000, 0x00000000d2e00000, 0x00000000d2f00000|  0%| F|  |TAMS 0x00000000d2e00000| PB 0x00000000d2e00000| Untracked 
| 303|0x00000000d2f00000, 0x00000000d2f00000, 0x00000000d3000000|  0%| F|  |TAMS 0x00000000d2f00000| PB 0x00000000d2f00000| Untracked 
| 304|0x00000000d3000000, 0x00000000d3000000, 0x00000000d3100000|  0%| F|  |TAMS 0x00000000d3000000| PB 0x00000000d3000000| Untracked 
| 305|0x00000000d3100000, 0x00000000d3100000, 0x00000000d3200000|  0%| F|  |TAMS 0x00000000d3100000| PB 0x00000000d3100000| Untracked 
| 306|0x00000000d3200000, 0x00000000d3200000, 0x00000000d3300000|  0%| F|  |TAMS 0x00000000d3200000| PB 0x00000000d3200000| Untracked 
| 307|0x00000000d3300000, 0x00000000d3300000, 0x00000000d3400000|  0%| F|  |TAMS 0x00000000d3300000| PB 0x00000000d3300000| Untracked 
| 308|0x00000000d3400000, 0x00000000d3400000, 0x00000000d3500000|  0%| F|  |TAMS 0x00000000d3400000| PB 0x00000000d3400000| Untracked 
| 309|0x00000000d3500000, 0x00000000d3500000, 0x00000000d3600000|  0%| F|  |TAMS 0x00000000d3500000| PB 0x00000000d3500000| Untracked 
| 310|0x00000000d3600000, 0x00000000d3600000, 0x00000000d3700000|  0%| F|  |TAMS 0x00000000d3600000| PB 0x00000000d3600000| Untracked 
| 311|0x00000000d3700000, 0x00000000d3700000, 0x00000000d3800000|  0%| F|  |TAMS 0x00000000d3700000| PB 0x00000000d3700000| Untracked 
| 312|0x00000000d3800000, 0x00000000d3800000, 0x00000000d3900000|  0%| F|  |TAMS 0x00000000d3800000| PB 0x00000000d3800000| Untracked 
| 313|0x00000000d3900000, 0x00000000d3900000, 0x00000000d3a00000|  0%| F|  |TAMS 0x00000000d3900000| PB 0x00000000d3900000| Untracked 
| 314|0x00000000d3a00000, 0x00000000d3a00000, 0x00000000d3b00000|  0%| F|  |TAMS 0x00000000d3a00000| PB 0x00000000d3a00000| Untracked 
| 315|0x00000000d3b00000, 0x00000000d3b00000, 0x00000000d3c00000|  0%| F|  |TAMS 0x00000000d3b00000| PB 0x00000000d3b00000| Untracked 
| 316|0x00000000d3c00000, 0x00000000d3c00000, 0x00000000d3d00000|  0%| F|  |TAMS 0x00000000d3c00000| PB 0x00000000d3c00000| Untracked 
| 317|0x00000000d3d00000, 0x00000000d3d00000, 0x00000000d3e00000|  0%| F|  |TAMS 0x00000000d3d00000| PB 0x00000000d3d00000| Untracked 
| 318|0x00000000d3e00000, 0x00000000d3e00000, 0x00000000d3f00000|  0%| F|  |TAMS 0x00000000d3e00000| PB 0x00000000d3e00000| Untracked 
| 319|0x00000000d3f00000, 0x00000000d3f00000, 0x00000000d4000000|  0%| F|  |TAMS 0x00000000d3f00000| PB 0x00000000d3f00000| Untracked 
| 320|0x00000000d4000000, 0x00000000d4000000, 0x00000000d4100000|  0%| F|  |TAMS 0x00000000d4000000| PB 0x00000000d4000000| Untracked 
| 321|0x00000000d4100000, 0x00000000d4100000, 0x00000000d4200000|  0%| F|  |TAMS 0x00000000d4100000| PB 0x00000000d4100000| Untracked 
| 322|0x00000000d4200000, 0x00000000d4200000, 0x00000000d4300000|  0%| F|  |TAMS 0x00000000d4200000| PB 0x00000000d4200000| Untracked 
| 323|0x00000000d4300000, 0x00000000d4300000, 0x00000000d4400000|  0%| F|  |TAMS 0x00000000d4300000| PB 0x00000000d4300000| Untracked 
| 324|0x00000000d4400000, 0x00000000d4400000, 0x00000000d4500000|  0%| F|  |TAMS 0x00000000d4400000| PB 0x00000000d4400000| Untracked 
| 325|0x00000000d4500000, 0x00000000d4500000, 0x00000000d4600000|  0%| F|  |TAMS 0x00000000d4500000| PB 0x00000000d4500000| Untracked 
| 326|0x00000000d4600000, 0x00000000d4600000, 0x00000000d4700000|  0%| F|  |TAMS 0x00000000d4600000| PB 0x00000000d4600000| Untracked 
| 327|0x00000000d4700000, 0x00000000d4700000, 0x00000000d4800000|  0%| F|  |TAMS 0x00000000d4700000| PB 0x00000000d4700000| Untracked 
| 328|0x00000000d4800000, 0x00000000d4800000, 0x00000000d4900000|  0%| F|  |TAMS 0x00000000d4800000| PB 0x00000000d4800000| Untracked 
| 329|0x00000000d4900000, 0x00000000d4900000, 0x00000000d4a00000|  0%| F|  |TAMS 0x00000000d4900000| PB 0x00000000d4900000| Untracked 
| 330|0x00000000d4a00000, 0x00000000d4a00000, 0x00000000d4b00000|  0%| F|  |TAMS 0x00000000d4a00000| PB 0x00000000d4a00000| Untracked 
| 331|0x00000000d4b00000, 0x00000000d4b00000, 0x00000000d4c00000|  0%| F|  |TAMS 0x00000000d4b00000| PB 0x00000000d4b00000| Untracked 
| 332|0x00000000d4c00000, 0x00000000d4c00000, 0x00000000d4d00000|  0%| F|  |TAMS 0x00000000d4c00000| PB 0x00000000d4c00000| Untracked 
| 333|0x00000000d4d00000, 0x00000000d4d00000, 0x00000000d4e00000|  0%| F|  |TAMS 0x00000000d4d00000| PB 0x00000000d4d00000| Untracked 
| 334|0x00000000d4e00000, 0x00000000d4e00000, 0x00000000d4f00000|  0%| F|  |TAMS 0x00000000d4e00000| PB 0x00000000d4e00000| Untracked 
| 335|0x00000000d4f00000, 0x00000000d4f00000, 0x00000000d5000000|  0%| F|  |TAMS 0x00000000d4f00000| PB 0x00000000d4f00000| Untracked 
| 336|0x00000000d5000000, 0x00000000d5000000, 0x00000000d5100000|  0%| F|  |TAMS 0x00000000d5000000| PB 0x00000000d5000000| Untracked 
| 337|0x00000000d5100000, 0x00000000d5100000, 0x00000000d5200000|  0%| F|  |TAMS 0x00000000d5100000| PB 0x00000000d5100000| Untracked 
| 338|0x00000000d5200000, 0x00000000d5200000, 0x00000000d5300000|  0%| F|  |TAMS 0x00000000d5200000| PB 0x00000000d5200000| Untracked 
| 339|0x00000000d5300000, 0x00000000d5300000, 0x00000000d5400000|  0%| F|  |TAMS 0x00000000d5300000| PB 0x00000000d5300000| Untracked 
| 340|0x00000000d5400000, 0x00000000d5400000, 0x00000000d5500000|  0%| F|  |TAMS 0x00000000d5400000| PB 0x00000000d5400000| Untracked 
| 341|0x00000000d5500000, 0x00000000d5500000, 0x00000000d5600000|  0%| F|  |TAMS 0x00000000d5500000| PB 0x00000000d5500000| Untracked 
| 342|0x00000000d5600000, 0x00000000d5600000, 0x00000000d5700000|  0%| F|  |TAMS 0x00000000d5600000| PB 0x00000000d5600000| Untracked 
| 343|0x00000000d5700000, 0x00000000d5700000, 0x00000000d5800000|  0%| F|  |TAMS 0x00000000d5700000| PB 0x00000000d5700000| Untracked 
| 344|0x00000000d5800000, 0x00000000d5800000, 0x00000000d5900000|  0%| F|  |TAMS 0x00000000d5800000| PB 0x00000000d5800000| Untracked 
| 345|0x00000000d5900000, 0x00000000d5900000, 0x00000000d5a00000|  0%| F|  |TAMS 0x00000000d5900000| PB 0x00000000d5900000| Untracked 
| 346|0x00000000d5a00000, 0x00000000d5a00000, 0x00000000d5b00000|  0%| F|  |TAMS 0x00000000d5a00000| PB 0x00000000d5a00000| Untracked 
| 347|0x00000000d5b00000, 0x00000000d5b00000, 0x00000000d5c00000|  0%| F|  |TAMS 0x00000000d5b00000| PB 0x00000000d5b00000| Untracked 
| 348|0x00000000d5c00000, 0x00000000d5c00000, 0x00000000d5d00000|  0%| F|  |TAMS 0x00000000d5c00000| PB 0x00000000d5c00000| Untracked 
| 349|0x00000000d5d00000, 0x00000000d5d00000, 0x00000000d5e00000|  0%| F|  |TAMS 0x00000000d5d00000| PB 0x00000000d5d00000| Untracked 
| 350|0x00000000d5e00000, 0x00000000d5e00000, 0x00000000d5f00000|  0%| F|  |TAMS 0x00000000d5e00000| PB 0x00000000d5e00000| Untracked 
| 351|0x00000000d5f00000, 0x00000000d5f00000, 0x00000000d6000000|  0%| F|  |TAMS 0x00000000d5f00000| PB 0x00000000d5f00000| Untracked 
| 352|0x00000000d6000000, 0x00000000d6000000, 0x00000000d6100000|  0%| F|  |TAMS 0x00000000d6000000| PB 0x00000000d6000000| Untracked 
| 353|0x00000000d6100000, 0x00000000d6100000, 0x00000000d6200000|  0%| F|  |TAMS 0x00000000d6100000| PB 0x00000000d6100000| Untracked 
| 354|0x00000000d6200000, 0x00000000d6200000, 0x00000000d6300000|  0%| F|  |TAMS 0x00000000d6200000| PB 0x00000000d6200000| Untracked 
| 355|0x00000000d6300000, 0x00000000d6300000, 0x00000000d6400000|  0%| F|  |TAMS 0x00000000d6300000| PB 0x00000000d6300000| Untracked 
| 356|0x00000000d6400000, 0x00000000d6400000, 0x00000000d6500000|  0%| F|  |TAMS 0x00000000d6400000| PB 0x00000000d6400000| Untracked 
| 357|0x00000000d6500000, 0x00000000d6500000, 0x00000000d6600000|  0%| F|  |TAMS 0x00000000d6500000| PB 0x00000000d6500000| Untracked 
| 358|0x00000000d6600000, 0x00000000d6600000, 0x00000000d6700000|  0%| F|  |TAMS 0x00000000d6600000| PB 0x00000000d6600000| Untracked 
| 359|0x00000000d6700000, 0x00000000d6700000, 0x00000000d6800000|  0%| F|  |TAMS 0x00000000d6700000| PB 0x00000000d6700000| Untracked 
| 360|0x00000000d6800000, 0x00000000d6800000, 0x00000000d6900000|  0%| F|  |TAMS 0x00000000d6800000| PB 0x00000000d6800000| Untracked 
| 361|0x00000000d6900000, 0x00000000d6900000, 0x00000000d6a00000|  0%| F|  |TAMS 0x00000000d6900000| PB 0x00000000d6900000| Untracked 
| 362|0x00000000d6a00000, 0x00000000d6a00000, 0x00000000d6b00000|  0%| F|  |TAMS 0x00000000d6a00000| PB 0x00000000d6a00000| Untracked 
| 363|0x00000000d6b00000, 0x00000000d6b00000, 0x00000000d6c00000|  0%| F|  |TAMS 0x00000000d6b00000| PB 0x00000000d6b00000| Untracked 
| 364|0x00000000d6c00000, 0x00000000d6c00000, 0x00000000d6d00000|  0%| F|  |TAMS 0x00000000d6c00000| PB 0x00000000d6c00000| Untracked 
| 365|0x00000000d6d00000, 0x00000000d6d00000, 0x00000000d6e00000|  0%| F|  |TAMS 0x00000000d6d00000| PB 0x00000000d6d00000| Untracked 
| 366|0x00000000d6e00000, 0x00000000d6e00000, 0x00000000d6f00000|  0%| F|  |TAMS 0x00000000d6e00000| PB 0x00000000d6e00000| Untracked 
| 367|0x00000000d6f00000, 0x00000000d6f00000, 0x00000000d7000000|  0%| F|  |TAMS 0x00000000d6f00000| PB 0x00000000d6f00000| Untracked 
| 368|0x00000000d7000000, 0x00000000d7000000, 0x00000000d7100000|  0%| F|  |TAMS 0x00000000d7000000| PB 0x00000000d7000000| Untracked 
| 369|0x00000000d7100000, 0x00000000d7100000, 0x00000000d7200000|  0%| F|  |TAMS 0x00000000d7100000| PB 0x00000000d7100000| Untracked 
| 370|0x00000000d7200000, 0x00000000d7200000, 0x00000000d7300000|  0%| F|  |TAMS 0x00000000d7200000| PB 0x00000000d7200000| Untracked 
| 371|0x00000000d7300000, 0x00000000d7300000, 0x00000000d7400000|  0%| F|  |TAMS 0x00000000d7300000| PB 0x00000000d7300000| Untracked 
| 372|0x00000000d7400000, 0x00000000d7400000, 0x00000000d7500000|  0%| F|  |TAMS 0x00000000d7400000| PB 0x00000000d7400000| Untracked 
| 373|0x00000000d7500000, 0x00000000d7500000, 0x00000000d7600000|  0%| F|  |TAMS 0x00000000d7500000| PB 0x00000000d7500000| Untracked 
| 374|0x00000000d7600000, 0x00000000d7600000, 0x00000000d7700000|  0%| F|  |TAMS 0x00000000d7600000| PB 0x00000000d7600000| Untracked 
| 375|0x00000000d7700000, 0x00000000d7700000, 0x00000000d7800000|  0%| F|  |TAMS 0x00000000d7700000| PB 0x00000000d7700000| Untracked 
| 376|0x00000000d7800000, 0x00000000d7800000, 0x00000000d7900000|  0%| F|  |TAMS 0x00000000d7800000| PB 0x00000000d7800000| Untracked 
| 377|0x00000000d7900000, 0x00000000d7900000, 0x00000000d7a00000|  0%| F|  |TAMS 0x00000000d7900000| PB 0x00000000d7900000| Untracked 
| 378|0x00000000d7a00000, 0x00000000d7a00000, 0x00000000d7b00000|  0%| F|  |TAMS 0x00000000d7a00000| PB 0x00000000d7a00000| Untracked 
| 379|0x00000000d7b00000, 0x00000000d7b00000, 0x00000000d7c00000|  0%| F|  |TAMS 0x00000000d7b00000| PB 0x00000000d7b00000| Untracked 
| 380|0x00000000d7c00000, 0x00000000d7c00000, 0x00000000d7d00000|  0%| F|  |TAMS 0x00000000d7c00000| PB 0x00000000d7c00000| Untracked 
| 381|0x00000000d7d00000, 0x00000000d7d00000, 0x00000000d7e00000|  0%| F|  |TAMS 0x00000000d7d00000| PB 0x00000000d7d00000| Untracked 
| 382|0x00000000d7e00000, 0x00000000d7e00000, 0x00000000d7f00000|  0%| F|  |TAMS 0x00000000d7e00000| PB 0x00000000d7e00000| Untracked 
| 383|0x00000000d7f00000, 0x00000000d7fe4320, 0x00000000d8000000| 89%| S|CS|TAMS 0x00000000d7f00000| PB 0x00000000d7f00000| Complete 
| 384|0x00000000d8000000, 0x00000000d8100000, 0x00000000d8100000|100%| S|CS|TAMS 0x00000000d8000000| PB 0x00000000d8000000| Complete 
| 385|0x00000000d8100000, 0x00000000d8200000, 0x00000000d8200000|100%| S|CS|TAMS 0x00000000d8100000| PB 0x00000000d8100000| Complete 
| 386|0x00000000d8200000, 0x00000000d8300000, 0x00000000d8300000|100%| S|CS|TAMS 0x00000000d8200000| PB 0x00000000d8200000| Complete 
| 387|0x00000000d8300000, 0x00000000d8400000, 0x00000000d8400000|100%| S|CS|TAMS 0x00000000d8300000| PB 0x00000000d8300000| Complete 
| 388|0x00000000d8400000, 0x00000000d8500000, 0x00000000d8500000|100%| S|CS|TAMS 0x00000000d8400000| PB 0x00000000d8400000| Complete 
| 389|0x00000000d8500000, 0x00000000d8500000, 0x00000000d8600000|  0%| F|  |TAMS 0x00000000d8500000| PB 0x00000000d8500000| Untracked 
| 390|0x00000000d8600000, 0x00000000d8600000, 0x00000000d8700000|  0%| F|  |TAMS 0x00000000d8600000| PB 0x00000000d8600000| Untracked 
| 391|0x00000000d8700000, 0x00000000d8700000, 0x00000000d8800000|  0%| F|  |TAMS 0x00000000d8700000| PB 0x00000000d8700000| Untracked 
| 392|0x00000000d8800000, 0x00000000d8800000, 0x00000000d8900000|  0%| F|  |TAMS 0x00000000d8800000| PB 0x00000000d8800000| Untracked 
| 393|0x00000000d8900000, 0x00000000d8900000, 0x00000000d8a00000|  0%| F|  |TAMS 0x00000000d8900000| PB 0x00000000d8900000| Untracked 
| 394|0x00000000d8a00000, 0x00000000d8a00000, 0x00000000d8b00000|  0%| F|  |TAMS 0x00000000d8a00000| PB 0x00000000d8a00000| Untracked 
| 395|0x00000000d8b00000, 0x00000000d8b00000, 0x00000000d8c00000|  0%| F|  |TAMS 0x00000000d8b00000| PB 0x00000000d8b00000| Untracked 
| 396|0x00000000d8c00000, 0x00000000d8c00000, 0x00000000d8d00000|  0%| F|  |TAMS 0x00000000d8c00000| PB 0x00000000d8c00000| Untracked 
| 397|0x00000000d8d00000, 0x00000000d8d00000, 0x00000000d8e00000|  0%| F|  |TAMS 0x00000000d8d00000| PB 0x00000000d8d00000| Untracked 
| 398|0x00000000d8e00000, 0x00000000d8e00000, 0x00000000d8f00000|  0%| F|  |TAMS 0x00000000d8e00000| PB 0x00000000d8e00000| Untracked 
| 399|0x00000000d8f00000, 0x00000000d8f00000, 0x00000000d9000000|  0%| F|  |TAMS 0x00000000d8f00000| PB 0x00000000d8f00000| Untracked 
| 400|0x00000000d9000000, 0x00000000d9080000, 0x00000000d9100000| 50%| E|  |TAMS 0x00000000d9000000| PB 0x00000000d9000000| Complete 
| 401|0x00000000d9100000, 0x00000000d9200000, 0x00000000d9200000|100%| E|CS|TAMS 0x00000000d9100000| PB 0x00000000d9100000| Complete 
| 402|0x00000000d9200000, 0x00000000d9300000, 0x00000000d9300000|100%| E|CS|TAMS 0x00000000d9200000| PB 0x00000000d9200000| Complete 
| 403|0x00000000d9300000, 0x00000000d9400000, 0x00000000d9400000|100%| E|CS|TAMS 0x00000000d9300000| PB 0x00000000d9300000| Complete 
| 404|0x00000000d9400000, 0x00000000d9500000, 0x00000000d9500000|100%| E|CS|TAMS 0x00000000d9400000| PB 0x00000000d9400000| Complete 
| 405|0x00000000d9500000, 0x00000000d9600000, 0x00000000d9600000|100%| E|CS|TAMS 0x00000000d9500000| PB 0x00000000d9500000| Complete 
| 406|0x00000000d9600000, 0x00000000d9700000, 0x00000000d9700000|100%| E|CS|TAMS 0x00000000d9600000| PB 0x00000000d9600000| Complete 
| 407|0x00000000d9700000, 0x00000000d9800000, 0x00000000d9800000|100%| E|CS|TAMS 0x00000000d9700000| PB 0x00000000d9700000| Complete 
| 408|0x00000000d9800000, 0x00000000d9900000, 0x00000000d9900000|100%| E|CS|TAMS 0x00000000d9800000| PB 0x00000000d9800000| Complete 
| 409|0x00000000d9900000, 0x00000000d9a00000, 0x00000000d9a00000|100%| E|CS|TAMS 0x00000000d9900000| PB 0x00000000d9900000| Complete 
| 410|0x00000000d9a00000, 0x00000000d9b00000, 0x00000000d9b00000|100%| E|CS|TAMS 0x00000000d9a00000| PB 0x00000000d9a00000| Complete 
| 411|0x00000000d9b00000, 0x00000000d9c00000, 0x00000000d9c00000|100%| E|CS|TAMS 0x00000000d9b00000| PB 0x00000000d9b00000| Complete 
| 412|0x00000000d9c00000, 0x00000000d9d00000, 0x00000000d9d00000|100%| E|CS|TAMS 0x00000000d9c00000| PB 0x00000000d9c00000| Complete 
| 413|0x00000000d9d00000, 0x00000000d9e00000, 0x00000000d9e00000|100%| E|CS|TAMS 0x00000000d9d00000| PB 0x00000000d9d00000| Complete 
| 414|0x00000000d9e00000, 0x00000000d9f00000, 0x00000000d9f00000|100%| E|CS|TAMS 0x00000000d9e00000| PB 0x00000000d9e00000| Complete 
| 415|0x00000000d9f00000, 0x00000000da000000, 0x00000000da000000|100%| E|CS|TAMS 0x00000000d9f00000| PB 0x00000000d9f00000| Complete 
| 416|0x00000000da000000, 0x00000000da100000, 0x00000000da100000|100%| E|CS|TAMS 0x00000000da000000| PB 0x00000000da000000| Complete 
| 417|0x00000000da100000, 0x00000000da200000, 0x00000000da200000|100%| E|CS|TAMS 0x00000000da100000| PB 0x00000000da100000| Complete 
| 418|0x00000000da200000, 0x00000000da300000, 0x00000000da300000|100%| E|CS|TAMS 0x00000000da200000| PB 0x00000000da200000| Complete 
| 419|0x00000000da300000, 0x00000000da400000, 0x00000000da400000|100%| E|CS|TAMS 0x00000000da300000| PB 0x00000000da300000| Complete 
| 420|0x00000000da400000, 0x00000000da500000, 0x00000000da500000|100%| E|CS|TAMS 0x00000000da400000| PB 0x00000000da400000| Complete 
| 421|0x00000000da500000, 0x00000000da600000, 0x00000000da600000|100%| E|CS|TAMS 0x00000000da500000| PB 0x00000000da500000| Complete 
| 422|0x00000000da600000, 0x00000000da700000, 0x00000000da700000|100%| E|CS|TAMS 0x00000000da600000| PB 0x00000000da600000| Complete 
| 423|0x00000000da700000, 0x00000000da800000, 0x00000000da800000|100%| E|CS|TAMS 0x00000000da700000| PB 0x00000000da700000| Complete 
| 424|0x00000000da800000, 0x00000000da900000, 0x00000000da900000|100%| E|CS|TAMS 0x00000000da800000| PB 0x00000000da800000| Complete 
| 425|0x00000000da900000, 0x00000000daa00000, 0x00000000daa00000|100%| E|CS|TAMS 0x00000000da900000| PB 0x00000000da900000| Complete 
| 426|0x00000000daa00000, 0x00000000dab00000, 0x00000000dab00000|100%| E|CS|TAMS 0x00000000daa00000| PB 0x00000000daa00000| Complete 
| 427|0x00000000dab00000, 0x00000000dac00000, 0x00000000dac00000|100%| E|CS|TAMS 0x00000000dab00000| PB 0x00000000dab00000| Complete 
| 428|0x00000000dac00000, 0x00000000dad00000, 0x00000000dad00000|100%| E|CS|TAMS 0x00000000dac00000| PB 0x00000000dac00000| Complete 
| 429|0x00000000dad00000, 0x00000000dae00000, 0x00000000dae00000|100%| E|CS|TAMS 0x00000000dad00000| PB 0x00000000dad00000| Complete 
| 430|0x00000000dae00000, 0x00000000daf00000, 0x00000000daf00000|100%| E|CS|TAMS 0x00000000dae00000| PB 0x00000000dae00000| Complete 
| 431|0x00000000daf00000, 0x00000000db000000, 0x00000000db000000|100%| E|CS|TAMS 0x00000000daf00000| PB 0x00000000daf00000| Complete 
| 432|0x00000000db000000, 0x00000000db100000, 0x00000000db100000|100%| E|CS|TAMS 0x00000000db000000| PB 0x00000000db000000| Complete 
| 433|0x00000000db100000, 0x00000000db200000, 0x00000000db200000|100%| E|CS|TAMS 0x00000000db100000| PB 0x00000000db100000| Complete 
| 434|0x00000000db200000, 0x00000000db300000, 0x00000000db300000|100%| E|CS|TAMS 0x00000000db200000| PB 0x00000000db200000| Complete 
| 435|0x00000000db300000, 0x00000000db400000, 0x00000000db400000|100%| E|CS|TAMS 0x00000000db300000| PB 0x00000000db300000| Complete 
| 436|0x00000000db400000, 0x00000000db500000, 0x00000000db500000|100%| E|CS|TAMS 0x00000000db400000| PB 0x00000000db400000| Complete 
| 437|0x00000000db500000, 0x00000000db600000, 0x00000000db600000|100%| E|CS|TAMS 0x00000000db500000| PB 0x00000000db500000| Complete 
| 438|0x00000000db600000, 0x00000000db700000, 0x00000000db700000|100%| E|CS|TAMS 0x00000000db600000| PB 0x00000000db600000| Complete 
| 439|0x00000000db700000, 0x00000000db800000, 0x00000000db800000|100%| E|CS|TAMS 0x00000000db700000| PB 0x00000000db700000| Complete 
| 440|0x00000000db800000, 0x00000000db900000, 0x00000000db900000|100%| E|CS|TAMS 0x00000000db800000| PB 0x00000000db800000| Complete 
| 441|0x00000000db900000, 0x00000000dba00000, 0x00000000dba00000|100%| E|CS|TAMS 0x00000000db900000| PB 0x00000000db900000| Complete 
| 442|0x00000000dba00000, 0x00000000dbb00000, 0x00000000dbb00000|100%| E|CS|TAMS 0x00000000dba00000| PB 0x00000000dba00000| Complete 
| 982|0x00000000fd600000, 0x00000000fd700000, 0x00000000fd700000|100%| E|CS|TAMS 0x00000000fd600000| PB 0x00000000fd600000| Complete 
| 983|0x00000000fd700000, 0x00000000fd800000, 0x00000000fd800000|100%| E|CS|TAMS 0x00000000fd700000| PB 0x00000000fd700000| Complete 
| 984|0x00000000fd800000, 0x00000000fd900000, 0x00000000fd900000|100%| E|CS|TAMS 0x00000000fd800000| PB 0x00000000fd800000| Complete 
| 985|0x00000000fd900000, 0x00000000fda00000, 0x00000000fda00000|100%| E|CS|TAMS 0x00000000fd900000| PB 0x00000000fd900000| Complete 
| 986|0x00000000fda00000, 0x00000000fdb00000, 0x00000000fdb00000|100%| O|  |TAMS 0x00000000fda00000| PB 0x00000000fda00000| Untracked 
| 987|0x00000000fdb00000, 0x00000000fdc00000, 0x00000000fdc00000|100%| O|  |TAMS 0x00000000fdb00000| PB 0x00000000fdb00000| Untracked 
| 988|0x00000000fdc00000, 0x00000000fdd00000, 0x00000000fdd00000|100%| E|CS|TAMS 0x00000000fdc00000| PB 0x00000000fdc00000| Complete 
| 989|0x00000000fdd00000, 0x00000000fde00000, 0x00000000fde00000|100%| O|  |TAMS 0x00000000fdd00000| PB 0x00000000fdd00000| Untracked 
| 990|0x00000000fde00000, 0x00000000fdf00000, 0x00000000fdf00000|100%| E|CS|TAMS 0x00000000fde00000| PB 0x00000000fde00000| Complete 
| 991|0x00000000fdf00000, 0x00000000fe000000, 0x00000000fe000000|100%| E|CS|TAMS 0x00000000fdf00000| PB 0x00000000fdf00000| Complete 
| 992|0x00000000fe000000, 0x00000000fe100000, 0x00000000fe100000|100%| E|CS|TAMS 0x00000000fe000000| PB 0x00000000fe000000| Complete 
| 993|0x00000000fe100000, 0x00000000fe200000, 0x00000000fe200000|100%| E|CS|TAMS 0x00000000fe100000| PB 0x00000000fe100000| Complete 
| 994|0x00000000fe200000, 0x00000000fe300000, 0x00000000fe300000|100%| E|CS|TAMS 0x00000000fe200000| PB 0x00000000fe200000| Complete 
| 995|0x00000000fe300000, 0x00000000fe400000, 0x00000000fe400000|100%| E|CS|TAMS 0x00000000fe300000| PB 0x00000000fe300000| Complete 
| 996|0x00000000fe400000, 0x00000000fe500000, 0x00000000fe500000|100%| E|CS|TAMS 0x00000000fe400000| PB 0x00000000fe400000| Complete 
| 997|0x00000000fe500000, 0x00000000fe600000, 0x00000000fe600000|100%| E|CS|TAMS 0x00000000fe500000| PB 0x00000000fe500000| Complete 
| 998|0x00000000fe600000, 0x00000000fe700000, 0x00000000fe700000|100%| E|CS|TAMS 0x00000000fe600000| PB 0x00000000fe600000| Complete 
| 999|0x00000000fe700000, 0x00000000fe800000, 0x00000000fe800000|100%| E|CS|TAMS 0x00000000fe700000| PB 0x00000000fe700000| Complete 
|1000|0x00000000fe800000, 0x00000000fe900000, 0x00000000fe900000|100%| E|CS|TAMS 0x00000000fe800000| PB 0x00000000fe800000| Complete 
|1001|0x00000000fe900000, 0x00000000fea00000, 0x00000000fea00000|100%| E|CS|TAMS 0x00000000fe900000| PB 0x00000000fe900000| Complete 
|1002|0x00000000fea00000, 0x00000000feb00000, 0x00000000feb00000|100%| E|CS|TAMS 0x00000000fea00000| PB 0x00000000fea00000| Complete 
|1003|0x00000000feb00000, 0x00000000fec00000, 0x00000000fec00000|100%| E|CS|TAMS 0x00000000feb00000| PB 0x00000000feb00000| Complete 
|1004|0x00000000fec00000, 0x00000000fed00000, 0x00000000fed00000|100%| E|CS|TAMS 0x00000000fec00000| PB 0x00000000fec00000| Complete 
|1005|0x00000000fed00000, 0x00000000fee00000, 0x00000000fee00000|100%| E|CS|TAMS 0x00000000fed00000| PB 0x00000000fed00000| Complete 
|1006|0x00000000fee00000, 0x00000000fef00000, 0x00000000fef00000|100%| E|CS|TAMS 0x00000000fee00000| PB 0x00000000fee00000| Complete 
|1007|0x00000000fef00000, 0x00000000ff000000, 0x00000000ff000000|100%| E|CS|TAMS 0x00000000fef00000| PB 0x00000000fef00000| Complete 
|1008|0x00000000ff000000, 0x00000000ff100000, 0x00000000ff100000|100%| E|CS|TAMS 0x00000000ff000000| PB 0x00000000ff000000| Complete 
|1009|0x00000000ff100000, 0x00000000ff200000, 0x00000000ff200000|100%| E|CS|TAMS 0x00000000ff100000| PB 0x00000000ff100000| Complete 
|1010|0x00000000ff200000, 0x00000000ff300000, 0x00000000ff300000|100%| E|CS|TAMS 0x00000000ff200000| PB 0x00000000ff200000| Complete 
|1011|0x00000000ff300000, 0x00000000ff400000, 0x00000000ff400000|100%| E|CS|TAMS 0x00000000ff300000| PB 0x00000000ff300000| Complete 
|1012|0x00000000ff400000, 0x00000000ff500000, 0x00000000ff500000|100%| E|CS|TAMS 0x00000000ff400000| PB 0x00000000ff400000| Complete 
|1013|0x00000000ff500000, 0x00000000ff600000, 0x00000000ff600000|100%| E|CS|TAMS 0x00000000ff500000| PB 0x00000000ff500000| Complete 
|1014|0x00000000ff600000, 0x00000000ff700000, 0x00000000ff700000|100%| E|CS|TAMS 0x00000000ff600000| PB 0x00000000ff600000| Complete 
|1015|0x00000000ff700000, 0x00000000ff800000, 0x00000000ff800000|100%| E|CS|TAMS 0x00000000ff700000| PB 0x00000000ff700000| Complete 
|1016|0x00000000ff800000, 0x00000000ff900000, 0x00000000ff900000|100%| E|CS|TAMS 0x00000000ff800000| PB 0x00000000ff800000| Complete 
|1017|0x00000000ff900000, 0x00000000ffa00000, 0x00000000ffa00000|100%| E|CS|TAMS 0x00000000ff900000| PB 0x00000000ff900000| Complete 
|1018|0x00000000ffa00000, 0x00000000ffb00000, 0x00000000ffb00000|100%| E|CS|TAMS 0x00000000ffa00000| PB 0x00000000ffa00000| Complete 
|1019|0x00000000ffb00000, 0x00000000ffc00000, 0x00000000ffc00000|100%| E|CS|TAMS 0x00000000ffb00000| PB 0x00000000ffb00000| Complete 
|1020|0x00000000ffc00000, 0x00000000ffd00000, 0x00000000ffd00000|100%| E|CS|TAMS 0x00000000ffc00000| PB 0x00000000ffc00000| Complete 
|1021|0x00000000ffd00000, 0x00000000ffe00000, 0x00000000ffe00000|100%| O|  |TAMS 0x00000000ffd00000| PB 0x00000000ffd00000| Untracked 
|1022|0x00000000ffe00000, 0x00000000fff00000, 0x00000000fff00000|100%| E|CS|TAMS 0x00000000ffe00000| PB 0x00000000ffe00000| Complete 
|1023|0x00000000fff00000, 0x0000000100000000, 0x0000000100000000|100%| E|CS|TAMS 0x00000000fff00000| PB 0x00000000fff00000| Complete 

Card table byte_map: [0x0000021ce3db0000,0x0000021ce3fb0000] _byte_map_base: 0x0000021ce37b0000

Marking Bits: (CMBitMap*) 0x0000021ccf17a220
 Bits: [0x0000021ce3fb0000, 0x0000021ce4fb0000)

Polling page: 0x0000021cceea0000

Metaspace:

Usage:
  Non-class:     98.52 MB used.
      Class:     15.05 MB used.
       Both:    113.57 MB used.

Virtual space:
  Non-class space:      128.00 MB reserved,      99.56 MB ( 78%) committed,  2 nodes.
      Class space:      208.00 MB reserved,      16.00 MB (  8%) committed,  1 nodes.
             Both:      336.00 MB reserved,     115.56 MB ( 34%) committed. 

Chunk freelists:
   Non-Class:  11.70 MB
       Class:  16.00 KB
        Both:  11.72 MB

MaxMetaspaceSize: 256.00 MB
CompressedClassSpaceSize: 208.00 MB
Initial GC threshold: 21.00 MB
Current GC threshold: 186.38 MB
CDS: off
 - commit_granule_bytes: 65536.
 - commit_granule_words: 8192.
 - virtual_space_node_default_size: 8388608.
 - enlarge_chunks_in_place: 1.
 - use_allocation_guard: 0.


Internal statistics:

num_allocs_failed_limit: 6.
num_arena_births: 3882.
num_arena_deaths: 10.
num_vsnodes_births: 3.
num_vsnodes_deaths: 0.
num_space_committed: 1847.
num_space_uncommitted: 0.
num_chunks_returned_to_freelist: 28.
num_chunks_taken_from_freelist: 8432.
num_chunk_merges: 4.
num_chunk_splits: 5893.
num_chunks_enlarged: 4048.
num_inconsistent_stats: 0.

CodeHeap 'non-profiled nmethods': size=119168Kb used=9728Kb max_used=9728Kb free=109439Kb
 bounds [0x0000021cdb890000, 0x0000021cdc220000, 0x0000021ce2cf0000]
CodeHeap 'profiled nmethods': size=119104Kb used=19595Kb max_used=19595Kb free=99509Kb
 bounds [0x0000021cd3cf0000, 0x0000021cd5020000, 0x0000021cdb140000]
CodeHeap 'non-nmethods': size=7488Kb used=4028Kb max_used=4539Kb free=3459Kb
 bounds [0x0000021cdb140000, 0x0000021cdb5c0000, 0x0000021cdb890000]
 total_blobs=11283 nmethods=10268 adapters=917
 compilation: enabled
              stopped_count=0, restarted_count=0
 full_count=0

Compilation events (20 events):
Event: 100.595 Thread 0x0000021cf34d6e70 14373       4       org.jetbrains.kotlin.storage.StorageKt::getValue (19 bytes)
Event: 100.597 Thread 0x0000021ce820a100 nmethod 14041 0x0000021cdc1f8e10 code [0x0000021cdc1f9780, 0x0000021cdc2024e8]
Event: 100.597 Thread 0x0000021ce820a100 14441       4       org.jetbrains.kotlin.incremental.UtilsKt::record (55 bytes)
Event: 100.598 Thread 0x0000021ce84c4440 14531       3       org.jetbrains.kotlin.com.intellij.psi.impl.source.tree.CompositeElement::getPsi (46 bytes)
Event: 100.599 Thread 0x0000021ce84c4440 nmethod 14531 0x0000021cd5008710 code [0x0000021cd5008940, 0x0000021cd5009010]
Event: 100.599 Thread 0x0000021ce820a100 nmethod 14441 0x0000021cdbf6cc10 code [0x0000021cdbf6cdc0, 0x0000021cdbf6cfc8]
Event: 100.599 Thread 0x0000021ce820a100 14442       4       org.jetbrains.kotlin.incremental.UtilsKt::recordPackageLookup (94 bytes)
Event: 100.600 Thread 0x0000021ce820a100 nmethod 14442 0x0000021cdbf6c790 code [0x0000021cdbf6c920, 0x0000021cdbf6ca70]
Event: 100.601 Thread 0x0000021ce820a100 14510       4       org.jetbrains.kotlin.serialization.deserialization.descriptors.DeserializedPackageMemberScope::getContributedClassifier (26 bytes)
Event: 100.604 Thread 0x0000021cf34d6e70 nmethod 14373 0x0000021cdc207a10 code [0x0000021cdc207c40, 0x0000021cdc2082d8]
Event: 100.605 Thread 0x0000021cf34d6e70 14371       4       org.jetbrains.kotlin.name.FqNameUnsafe::shortName (56 bytes)
Event: 100.615 Thread 0x0000021ce84c4440 14532       3       kotlin.enums.EnumEntriesList::getSize (6 bytes)
Event: 100.615 Thread 0x0000021ce82184c0 14533       3       kotlin.collections.AbstractList$IteratorImpl::hasNext (20 bytes)
Event: 100.616 Thread 0x0000021ce84c4440 nmethod 14532 0x0000021cd5009210 code [0x0000021cd50093a0, 0x0000021cd50094b8]
Event: 100.616 Thread 0x0000021ce82184c0 nmethod 14533 0x0000021cd5009590 code [0x0000021cd5009740, 0x0000021cd50099c0]
Event: 100.639 Thread 0x0000021ce84c4440 14536       1       org.jetbrains.kotlin.load.java.typeEnhancement.JavaTypeQualifiers::isNullabilityQualifierForWarning (5 bytes)
Event: 100.639 Thread 0x0000021ce84c4440 nmethod 14536 0x0000021cdbf6c490 code [0x0000021cdbf6c620, 0x0000021cdbf6c6f0]
Event: 100.640 Thread 0x0000021ce82184c0 14537       3       org.jetbrains.kotlin.load.java.lazy.LazyJavaAnnotations::<init> (57 bytes)
Event: 100.640 Thread 0x0000021cf5e4f9c0 14538       3       org.jetbrains.kotlin.load.java.lazy.LazyJavaAnnotations$$Lambda/0x0000000100ec5b08::<init> (10 bytes)
Event: 100.643 Thread 0x0000021ce84c4440 14539       1       org.jetbrains.kotlin.resolve.calls.tower.TowerData$TowerLevel::getLevel (5 bytes)

GC Heap History (20 events):
Event: 76.995 GC heap before
{Heap before GC invocations=110 (full 0):
 garbage-first heap   total 484352K, used 229864K [0x00000000c0000000, 0x0000000100000000)
  region size 1024K, 33 young (33792K), 18 survivors (18432K)
 Metaspace       used 69689K, committed 71360K, reserved 278528K
  class space    used 9355K, committed 10176K, reserved 212992K
}
Event: 77.012 GC heap after
{Heap after GC invocations=111 (full 0):
 garbage-first heap   total 484352K, used 215174K [0x00000000c0000000, 0x0000000100000000)
  region size 1024K, 16 young (16384K), 16 survivors (16384K)
 Metaspace       used 69689K, committed 71360K, reserved 278528K
  class space    used 9355K, committed 10176K, reserved 212992K
}
Event: 77.771 GC heap before
{Heap before GC invocations=112 (full 0):
 garbage-first heap   total 484352K, used 442502K [0x00000000c0000000, 0x0000000100000000)
  region size 1024K, 237 young (242688K), 16 survivors (16384K)
 Metaspace       used 69689K, committed 71360K, reserved 278528K
  class space    used 9355K, committed 10176K, reserved 212992K
}
Event: 77.785 GC heap after
{Heap after GC invocations=113 (full 0):
 garbage-first heap   total 484352K, used 216618K [0x00000000c0000000, 0x0000000100000000)
  region size 1024K, 16 young (16384K), 16 survivors (16384K)
 Metaspace       used 69689K, committed 71360K, reserved 278528K
  class space    used 9355K, committed 10176K, reserved 212992K
}
Event: 79.781 GC heap before
{Heap before GC invocations=113 (full 0):
 garbage-first heap   total 484352K, used 449066K [0x00000000c0000000, 0x0000000100000000)
  region size 1024K, 236 young (241664K), 16 survivors (16384K)
 Metaspace       used 69990K, committed 71616K, reserved 278528K
  class space    used 9391K, committed 10176K, reserved 212992K
}
Event: 79.790 GC heap after
{Heap after GC invocations=114 (full 0):
 garbage-first heap   total 484352K, used 213230K [0x00000000c0000000, 0x0000000100000000)
  region size 1024K, 8 young (8192K), 8 survivors (8192K)
 Metaspace       used 69990K, committed 71616K, reserved 278528K
  class space    used 9391K, committed 10176K, reserved 212992K
}
Event: 81.323 GC heap before
{Heap before GC invocations=114 (full 0):
 garbage-first heap   total 484352K, used 367854K [0x00000000c0000000, 0x0000000100000000)
  region size 1024K, 160 young (163840K), 8 survivors (8192K)
 Metaspace       used 72237K, committed 73856K, reserved 278528K
  class space    used 9639K, committed 10432K, reserved 212992K
}
Event: 81.328 GC heap after
{Heap after GC invocations=115 (full 0):
 garbage-first heap   total 484352K, used 204827K [0x00000000c0000000, 0x0000000100000000)
  region size 1024K, 7 young (7168K), 7 survivors (7168K)
 Metaspace       used 72237K, committed 73856K, reserved 278528K
  class space    used 9639K, committed 10432K, reserved 212992K
}
Event: 82.367 GC heap before
{Heap before GC invocations=116 (full 0):
 garbage-first heap   total 484352K, used 456731K [0x00000000c0000000, 0x0000000100000000)
  region size 1024K, 247 young (252928K), 7 survivors (7168K)
 Metaspace       used 72239K, committed 73856K, reserved 278528K
  class space    used 9639K, committed 10432K, reserved 212992K
}
Event: 82.373 GC heap after
{Heap after GC invocations=117 (full 0):
 garbage-first heap   total 484352K, used 209940K [0x00000000c0000000, 0x0000000100000000)
  region size 1024K, 6 young (6144K), 6 survivors (6144K)
 Metaspace       used 72239K, committed 73856K, reserved 278528K
  class space    used 9639K, committed 10432K, reserved 212992K
}
Event: 83.172 GC heap before
{Heap before GC invocations=117 (full 0):
 garbage-first heap   total 484352K, used 451604K [0x00000000c0000000, 0x0000000100000000)
  region size 1024K, 242 young (247808K), 6 survivors (6144K)
 Metaspace       used 72239K, committed 73856K, reserved 278528K
  class space    used 9639K, committed 10432K, reserved 212992K
}
Event: 83.178 GC heap after
{Heap after GC invocations=118 (full 0):
 garbage-first heap   total 484352K, used 207801K [0x00000000c0000000, 0x0000000100000000)
  region size 1024K, 9 young (9216K), 9 survivors (9216K)
 Metaspace       used 72239K, committed 73856K, reserved 278528K
  class space    used 9639K, committed 10432K, reserved 212992K
}
Event: 84.375 GC heap before
{Heap before GC invocations=118 (full 0):
 garbage-first heap   total 484352K, used 379833K [0x00000000c0000000, 0x0000000100000000)
  region size 1024K, 178 young (182272K), 9 survivors (9216K)
 Metaspace       used 72266K, committed 73856K, reserved 278528K
  class space    used 9643K, committed 10432K, reserved 212992K
}
Event: 84.379 GC heap after
{Heap after GC invocations=119 (full 0):
 garbage-first heap   total 484352K, used 193494K [0x00000000c0000000, 0x0000000100000000)
  region size 1024K, 2 young (2048K), 2 survivors (2048K)
 Metaspace       used 72266K, committed 73856K, reserved 278528K
  class space    used 9643K, committed 10432K, reserved 212992K
}
Event: 85.778 GC heap before
{Heap before GC invocations=120 (full 0):
 garbage-first heap   total 484352K, used 463830K [0x00000000c0000000, 0x0000000100000000)
  region size 1024K, 258 young (264192K), 2 survivors (2048K)
 Metaspace       used 72328K, committed 73920K, reserved 278528K
  class space    used 9643K, committed 10432K, reserved 212992K
}
Event: 85.782 GC heap after
{Heap after GC invocations=121 (full 0):
 garbage-first heap   total 484352K, used 192587K [0x00000000c0000000, 0x0000000100000000)
  region size 1024K, 1 young (1024K), 1 survivors (1024K)
 Metaspace       used 72328K, committed 73920K, reserved 278528K
  class space    used 9643K, committed 10432K, reserved 212992K
}
Event: 95.582 GC heap before
{Heap before GC invocations=121 (full 0):
 garbage-first heap   total 484352K, used 472139K [0x00000000c0000000, 0x0000000100000000)
  region size 1024K, 259 young (265216K), 1 survivors (1024K)
 Metaspace       used 101915K, committed 103616K, reserved 344064K
  class space    used 13548K, committed 14336K, reserved 212992K
}
Event: 95.607 GC heap after
{Heap after GC invocations=122 (full 0):
 garbage-first heap   total 496640K, used 218387K [0x00000000c0000000, 0x0000000100000000)
  region size 1024K, 22 young (22528K), 22 survivors (22528K)
 Metaspace       used 101915K, committed 103616K, reserved 344064K
  class space    used 13548K, committed 14336K, reserved 212992K
}
Event: 98.501 GC heap before
{Heap before GC invocations=122 (full 0):
 garbage-first heap   total 496640K, used 299283K [0x00000000c0000000, 0x0000000100000000)
  region size 1024K, 102 young (104448K), 22 survivors (22528K)
 Metaspace       used 112353K, committed 114368K, reserved 344064K
  class space    used 14955K, committed 15936K, reserved 212992K
}
Event: 98.521 GC heap after
{Heap after GC invocations=123 (full 0):
 garbage-first heap   total 496640K, used 224302K [0x00000000c0000000, 0x0000000100000000)
  region size 1024K, 6 young (6144K), 6 survivors (6144K)
 Metaspace       used 112353K, committed 114368K, reserved 344064K
  class space    used 14955K, committed 15936K, reserved 212992K
}

Dll operation events (3 events):
Event: 0.023 Loaded shared library C:\Program Files\Android\Android Studio\jbr\bin\java.dll
Event: 0.034 Loaded shared library C:\Program Files\Android\Android Studio\jbr\bin\zip.dll
Event: 1.178 Loaded shared library C:\Program Files\Android\Android Studio\jbr\bin\verify.dll

Deoptimization events (20 events):
Event: 100.499 Thread 0x0000021cee7f81e0 Uncommon trap: trap_request=0xffffffbe fr.pc=0x0000021cdc126570 relative=0x0000000000000af0
Event: 100.499 Thread 0x0000021cee7f81e0 Uncommon trap: reason=profile_predicate action=maybe_recompile pc=0x0000021cdc126570 method=org.jetbrains.kotlin.it.unimi.dsi.fastutil.objects.ObjectOpenHashSet.add(Ljava/lang/Object;)Z @ 74 c2
Event: 100.499 Thread 0x0000021cee7f81e0 DEOPT PACKING pc=0x0000021cdc126570 sp=0x000000403e2ecf00
Event: 100.499 Thread 0x0000021cee7f81e0 DEOPT UNPACKING pc=0x0000021cdb1946a2 sp=0x000000403e2eceb8 mode 2
Event: 100.499 Thread 0x0000021cee7f81e0 Uncommon trap: trap_request=0xffffffbe fr.pc=0x0000021cdc126570 relative=0x0000000000000af0
Event: 100.499 Thread 0x0000021cee7f81e0 Uncommon trap: reason=profile_predicate action=maybe_recompile pc=0x0000021cdc126570 method=org.jetbrains.kotlin.it.unimi.dsi.fastutil.objects.ObjectOpenHashSet.add(Ljava/lang/Object;)Z @ 74 c2
Event: 100.499 Thread 0x0000021cee7f81e0 DEOPT PACKING pc=0x0000021cdc126570 sp=0x000000403e2ecf00
Event: 100.499 Thread 0x0000021cee7f81e0 DEOPT UNPACKING pc=0x0000021cdb1946a2 sp=0x000000403e2eceb8 mode 2
Event: 100.499 Thread 0x0000021cee7f81e0 Uncommon trap: trap_request=0xffffffbe fr.pc=0x0000021cdc126570 relative=0x0000000000000af0
Event: 100.499 Thread 0x0000021cee7f81e0 Uncommon trap: reason=profile_predicate action=maybe_recompile pc=0x0000021cdc126570 method=org.jetbrains.kotlin.it.unimi.dsi.fastutil.objects.ObjectOpenHashSet.add(Ljava/lang/Object;)Z @ 74 c2
Event: 100.499 Thread 0x0000021cee7f81e0 DEOPT PACKING pc=0x0000021cdc126570 sp=0x000000403e2ecf00
Event: 100.499 Thread 0x0000021cee7f81e0 DEOPT UNPACKING pc=0x0000021cdb1946a2 sp=0x000000403e2eceb8 mode 2
Event: 100.575 Thread 0x0000021cee7f81e0 Uncommon trap: trap_request=0xffffffde fr.pc=0x0000021cdbdcbc80 relative=0x0000000000000b40
Event: 100.575 Thread 0x0000021cee7f81e0 Uncommon trap: reason=class_check action=maybe_recompile pc=0x0000021cdbdcbc80 method=kotlin.collections.CollectionsKt___CollectionsKt.toSet(Ljava/lang/Iterable;)Ljava/util/Set; @ 71 c2
Event: 100.575 Thread 0x0000021cee7f81e0 DEOPT PACKING pc=0x0000021cdbdcbc80 sp=0x000000403e2ebca0
Event: 100.575 Thread 0x0000021cee7f81e0 DEOPT UNPACKING pc=0x0000021cdb1946a2 sp=0x000000403e2ebc90 mode 2
Event: 100.581 Thread 0x0000021cee7f81e0 Uncommon trap: trap_request=0xffffffde fr.pc=0x0000021cdbdcbc80 relative=0x0000000000000b40
Event: 100.581 Thread 0x0000021cee7f81e0 Uncommon trap: reason=class_check action=maybe_recompile pc=0x0000021cdbdcbc80 method=kotlin.collections.CollectionsKt___CollectionsKt.toSet(Ljava/lang/Iterable;)Ljava/util/Set; @ 71 c2
Event: 100.581 Thread 0x0000021cee7f81e0 DEOPT PACKING pc=0x0000021cdbdcbc80 sp=0x000000403e2eb670
Event: 100.581 Thread 0x0000021cee7f81e0 DEOPT UNPACKING pc=0x0000021cdb1946a2 sp=0x000000403e2eb660 mode 2

Classes loaded (20 events):
Event: 96.971 Loading class java/text/CharacterIterator done
Event: 96.971 Loading class java/text/StringCharacterIterator done
Event: 97.078 Loading class java/io/NotSerializableException
Event: 97.078 Loading class java/io/NotSerializableException done
Event: 97.756 Loading class java/util/function/IntUnaryOperator
Event: 97.757 Loading class java/util/function/IntUnaryOperator done
Event: 97.926 Loading class java/util/AbstractList$SubList
Event: 97.926 Loading class java/util/AbstractList$SubList done
Event: 97.927 Loading class java/util/AbstractList$SubList$1
Event: 97.927 Loading class java/util/AbstractList$SubList$1 done
Event: 98.265 Loading class java/util/EnumMap$EntrySet
Event: 98.265 Loading class java/util/EnumMap$EntrySet done
Event: 98.265 Loading class java/util/EnumMap$EntryIterator
Event: 98.266 Loading class java/util/EnumMap$EnumMapIterator
Event: 98.266 Loading class java/util/EnumMap$EnumMapIterator done
Event: 98.266 Loading class java/util/EnumMap$EntryIterator done
Event: 98.266 Loading class java/util/EnumMap$EntryIterator$Entry
Event: 98.266 Loading class java/util/EnumMap$EntryIterator$Entry done
Event: 100.186 Loading class java/util/AbstractList$RandomAccessSubList
Event: 100.187 Loading class java/util/AbstractList$RandomAccessSubList done

Classes unloaded (20 events):
Event: 18.512 Thread 0x0000021ce8131460 Unloading class 0x0000000100704000 '_BuildScript_$_run_closure1'
Event: 18.512 Thread 0x0000021ce8131460 Unloading class 0x00000001006fc000 '_BuildScript_'
Event: 19.196 Thread 0x0000021ce8131460 Unloading class 0x00000001007c4968 '_BuildScript_$_run_closure1$_closure2'
Event: 19.196 Thread 0x0000021ce8131460 Unloading class 0x00000001007c4558 '_BuildScript_$_run_closure1'
Event: 19.196 Thread 0x0000021ce8131460 Unloading class 0x00000001007c4000 '_BuildScript_'
Event: 35.109 Thread 0x0000021ce8131460 Unloading class 0x0000000100991410 '_BuildScript_$_run_closure1$_closure2'
Event: 35.109 Thread 0x0000021ce8131460 Unloading class 0x0000000100991000 '_BuildScript_$_run_closure1'
Event: 35.109 Thread 0x0000021ce8131460 Unloading class 0x0000000100990800 '_BuildScript_'
Event: 35.109 Thread 0x0000021ce8131460 Unloading class 0x0000000100988968 '_BuildScript_$_run_closure2'
Event: 35.109 Thread 0x0000021ce8131460 Unloading class 0x0000000100988558 '_BuildScript_$_run_closure1'
Event: 35.109 Thread 0x0000021ce8131460 Unloading class 0x0000000100988000 '_BuildScript_'
Event: 71.475 Thread 0x0000021ce8131460 Unloading class 0x0000000100998d78 '_BuildScript_$_run_closure1$_closure3'
Event: 71.475 Thread 0x0000021ce8131460 Unloading class 0x0000000100998968 '_BuildScript_$_run_closure1$_closure2'
Event: 71.475 Thread 0x0000021ce8131460 Unloading class 0x0000000100998558 '_BuildScript_$_run_closure1'
Event: 71.475 Thread 0x0000021ce8131460 Unloading class 0x0000000100998000 '_BuildScript_'
Event: 71.475 Thread 0x0000021ce8131460 Unloading class 0x0000000100988ae0 'JetGradlePlugin$_apply_closure1$_closure2$_closure3'
Event: 71.475 Thread 0x0000021ce8131460 Unloading class 0x00000001009886d0 'JetGradlePlugin$_apply_closure1$_closure2'
Event: 71.475 Thread 0x0000021ce8131460 Unloading class 0x00000001009882c0 'JetGradlePlugin$_apply_closure1'
Event: 71.475 Thread 0x0000021ce8131460 Unloading class 0x0000000100988000 'JetGradlePlugin'
Event: 71.475 Thread 0x0000021ce8131460 Unloading class 0x0000000100990c00 'RegistryProcessor'

Classes redefined (0 events):
No events

Internal exceptions (20 events):
Event: 92.711 Thread 0x0000021cee7f81e0 Implicit null exception at 0x0000021cdb984fd9 to 0x0000021cdb986f50
Event: 92.711 Thread 0x0000021cee7f81e0 Implicit null exception at 0x0000021cdb988327 to 0x0000021cdb988994
Event: 96.180 Thread 0x0000021cee7f81e0 Exception <a 'java/lang/NoSuchMethodError'{0x00000000ff176428}: 'java.lang.Object java.lang.invoke.DirectMethodHandle$Holder.newInvokeSpecial(java.lang.Object, java.lang.Object, java.lang.Object, java.lang.Object, java.lang.Object, java.lang.Object, java.lang.Object, java.lang.Object, java.lang.Object, java.lang.Object, java.lang.Object, java.lang.Object, java.lang.Object, java.lang.Object)'> (0x00000000ff176428) 
thrown [s\src\hotspot\share\interpreter\linkResolver.cpp, line 784]
Event: 96.187 Thread 0x0000021cee7f81e0 Exception <a 'java/lang/NoSuchMethodError'{0x00000000ff1d6b50}: 'java.lang.Object java.lang.invoke.DirectMethodHandle$Holder.newInvokeSpecial(java.lang.Object, java.lang.Object, java.lang.Object, java.lang.Object, java.lang.Object, java.lang.Object, java.lang.Object, java.lang.Object, java.lang.Object, java.lang.Object, java.lang.Object, java.lang.Object, java.lang.Object, java.lang.Object, java.lang.Object, java.lang.Object, java.lang.Object, java.lang.Object, java.lang.Object)'> (0x00000000ff1d6b50) 
thr
Event: 96.190 Thread 0x0000021cee7f81e0 Exception <a 'java/lang/NoSuchMethodError'{0x00000000ff1de7a8}: 'java.lang.Object java.lang.invoke.DirectMethodHandle$Holder.invokeSpecial(java.lang.Object, java.lang.Object, java.lang.Object, java.lang.Object, java.lang.Object, java.lang.Object, java.lang.Object, java.lang.Object, java.lang.Object, java.lang.Object, java.lang.Object, java.lang.Object, java.lang.Object, java.lang.Object, java.lang.Object, java.lang.Object, java.lang.Object, java.lang.Object, java.lang.Object, java.lang.Object)'> (0x0000000
Event: 96.191 Thread 0x0000021cee7f81e0 Exception <a 'java/lang/NoSuchMethodError'{0x00000000ff1e5018}: 'java.lang.Object java.lang.invoke.DelegatingMethodHandle$Holder.reinvoke_L(java.lang.Object, java.lang.Object, java.lang.Object, java.lang.Object, java.lang.Object, java.lang.Object, java.lang.Object, java.lang.Object, java.lang.Object, java.lang.Object, java.lang.Object, java.lang.Object, java.lang.Object, java.lang.Object, java.lang.Object, java.lang.Object, java.lang.Object, java.lang.Object, java.lang.Object)'> (0x00000000ff1e5018) 
throw
Event: 96.214 Thread 0x0000021cee7f81e0 Exception <a 'java/lang/NoSuchMethodError'{0x00000000ff0cca40}: 'java.lang.Object java.lang.invoke.DirectMethodHandle$Holder.newInvokeSpecial(java.lang.Object, java.lang.Object, java.lang.Object, java.lang.Object, java.lang.Object, java.lang.Object, java.lang.Object, java.lang.Object, java.lang.Object, java.lang.Object, java.lang.Object, java.lang.Object, java.lang.Object, java.lang.Object, java.lang.Object, java.lang.Object, java.lang.Object, java.lang.Object, java.lang.Object, java.lang.Object, java.lang
Event: 96.266 Thread 0x0000021cee7f81e0 Exception <a 'java/lang/NoSuchMethodError'{0x00000000feeb8e18}: 'java.lang.Object java.lang.invoke.DirectMethodHandle$Holder.newInvokeSpecial(java.lang.Object, java.lang.Object, java.lang.Object, java.lang.Object, java.lang.Object, java.lang.Object, java.lang.Object, java.lang.Object, java.lang.Object, java.lang.Object, java.lang.Object, java.lang.Object, java.lang.Object, java.lang.Object, java.lang.Object, java.lang.Object, java.lang.Object, java.lang.Object, java.lang.Object, java.lang.Object)'> (0x0000
Event: 96.268 Thread 0x0000021cee7f81e0 Exception <a 'java/lang/NoSuchMethodError'{0x00000000feec0a88}: 'java.lang.Object java.lang.invoke.DirectMethodHandle$Holder.invokeSpecial(java.lang.Object, java.lang.Object, java.lang.Object, java.lang.Object, java.lang.Object, java.lang.Object, java.lang.Object, java.lang.Object, java.lang.Object, java.lang.Object, java.lang.Object, java.lang.Object, java.lang.Object, java.lang.Object, java.lang.Object, java.lang.Object, java.lang.Object, java.lang.Object, java.lang.Object, java.lang.Object, java.lang.Ob
Event: 96.268 Thread 0x0000021cee7f81e0 Exception <a 'java/lang/NoSuchMethodError'{0x00000000feec7248}: 'java.lang.Object java.lang.invoke.DelegatingMethodHandle$Holder.reinvoke_L(java.lang.Object, java.lang.Object, java.lang.Object, java.lang.Object, java.lang.Object, java.lang.Object, java.lang.Object, java.lang.Object, java.lang.Object, java.lang.Object, java.lang.Object, java.lang.Object, java.lang.Object, java.lang.Object, java.lang.Object, java.lang.Object, java.lang.Object, java.lang.Object, java.lang.Object, java.lang.Object)'> (0x000000
Event: 96.310 Thread 0x0000021cee7f81e0 Exception <a 'java/lang/NoSuchMethodError'{0x00000000fecd18c0}: 'java.lang.Object java.lang.invoke.DirectMethodHandle$Holder.newInvokeSpecial(java.lang.Object, java.lang.Object, java.lang.Object, java.lang.Object, java.lang.Object, java.lang.Object, java.lang.Object, java.lang.Object, java.lang.Object, java.lang.Object, java.lang.Object, java.lang.Object, java.lang.Object, java.lang.Object, java.lang.Object, java.lang.Object)'> (0x00000000fecd18c0) 
thrown [s\src\hotspot\share\interpreter\linkResolver.cpp,
Event: 96.310 Thread 0x0000021cee7f81e0 Exception <a 'java/lang/NoSuchMethodError'{0x00000000fecd8b98}: 'java.lang.Object java.lang.invoke.DirectMethodHandle$Holder.invokeSpecial(java.lang.Object, java.lang.Object, java.lang.Object, java.lang.Object, java.lang.Object, java.lang.Object, java.lang.Object, java.lang.Object, java.lang.Object, java.lang.Object, java.lang.Object, java.lang.Object, java.lang.Object, java.lang.Object, java.lang.Object, java.lang.Object, java.lang.Object)'> (0x00000000fecd8b98) 
thrown [s\src\hotspot\share\interpreter\li
Event: 96.311 Thread 0x0000021cee7f81e0 Exception <a 'java/lang/NoSuchMethodError'{0x00000000fecdeca0}: 'java.lang.Object java.lang.invoke.DelegatingMethodHandle$Holder.reinvoke_L(java.lang.Object, java.lang.Object, java.lang.Object, java.lang.Object, java.lang.Object, java.lang.Object, java.lang.Object, java.lang.Object, java.lang.Object, java.lang.Object, java.lang.Object, java.lang.Object, java.lang.Object, java.lang.Object, java.lang.Object, java.lang.Object)'> (0x00000000fecdeca0) 
thrown [s\src\hotspot\share\interpreter\linkResolver.cpp, l
Event: 98.435 Thread 0x0000021cee7f81e0 Exception <a 'java/lang/NoSuchMethodError'{0x00000000d8770958}: 'java.lang.Object java.lang.invoke.DirectMethodHandle$Holder.invokeStatic(java.lang.Object, java.lang.Object, java.lang.Object, java.lang.Object, java.lang.Object, int, java.lang.Object)'> (0x00000000d8770958) 
thrown [s\src\hotspot\share\interpreter\linkResolver.cpp, line 784]
Event: 98.437 Thread 0x0000021cee7f81e0 Exception <a 'java/lang/NoSuchMethodError'{0x00000000d877afc0}: 'java.lang.Object java.lang.invoke.DirectMethodHandle$Holder.newInvokeSpecial(java.lang.Object, java.lang.Object, java.lang.Object, java.lang.Object, java.lang.Object, int, java.lang.Object)'> (0x00000000d877afc0) 
thrown [s\src\hotspot\share\interpreter\linkResolver.cpp, line 784]
Event: 98.438 Thread 0x0000021cee7f81e0 Exception <a 'java/lang/NoSuchMethodError'{0x00000000d87849a8}: 'java.lang.Object java.lang.invoke.Invokers$Holder.linkToTargetMethod(java.lang.Object, java.lang.Object, java.lang.Object, java.lang.Object, int, java.lang.Object, java.lang.Object)'> (0x00000000d87849a8) 
thrown [s\src\hotspot\share\interpreter\linkResolver.cpp, line 784]
Event: 98.773 Thread 0x0000021cee7f81e0 Exception <a 'java/lang/NoSuchMethodError'{0x00000000fe719050}: 'java.lang.Object java.lang.invoke.DirectMethodHandle$Holder.invokeStatic(java.lang.Object, java.lang.Object, java.lang.Object, java.lang.Object, int, java.lang.Object, java.lang.Object)'> (0x00000000fe719050) 
thrown [s\src\hotspot\share\interpreter\linkResolver.cpp, line 784]
Event: 100.400 Thread 0x0000021cee7f81e0 Exception <a 'java/lang/NoSuchMethodError'{0x00000000d988a708}: 'java.lang.Object java.lang.invoke.DirectMethodHandle$Holder.invokeStatic(java.lang.Object, int, java.lang.Object, java.lang.Object, java.lang.Object, java.lang.Object, java.lang.Object, java.lang.Object)'> (0x00000000d988a708) 
thrown [s\src\hotspot\share\interpreter\linkResolver.cpp, line 784]
Event: 100.402 Thread 0x0000021cee7f81e0 Exception <a 'java/lang/NoSuchMethodError'{0x00000000d9895fb0}: 'java.lang.Object java.lang.invoke.DirectMethodHandle$Holder.newInvokeSpecial(java.lang.Object, int, java.lang.Object, java.lang.Object, java.lang.Object, java.lang.Object, java.lang.Object)'> (0x00000000d9895fb0) 
thrown [s\src\hotspot\share\interpreter\linkResolver.cpp, line 784]
Event: 100.403 Thread 0x0000021cee7f81e0 Exception <a 'java/lang/NoSuchMethodError'{0x00000000d989bdf0}: 'java.lang.Object java.lang.invoke.DirectMethodHandle$Holder.invokeSpecial(java.lang.Object, java.lang.Object, int, java.lang.Object, java.lang.Object, java.lang.Object, java.lang.Object, java.lang.Object)'> (0x00000000d989bdf0) 
thrown [s\src\hotspot\share\interpreter\linkResolver.cpp, line 784]

ZGC Phase Switch (0 events):
No events

VM Operations (20 events):
Event: 97.809 Executing VM operation: HandshakeAllThreads (Deoptimize) done
Event: 97.809 Executing VM operation: Cleanup
Event: 97.809 Executing VM operation: Cleanup done
Event: 97.860 Executing VM operation: HandshakeAllThreads (Deoptimize)
Event: 97.860 Executing VM operation: HandshakeAllThreads (Deoptimize) done
Event: 97.999 Executing VM operation: HandshakeAllThreads (Deoptimize)
Event: 98.000 Executing VM operation: HandshakeAllThreads (Deoptimize) done
Event: 98.161 Executing VM operation: HandshakeAllThreads (Deoptimize)
Event: 98.161 Executing VM operation: HandshakeAllThreads (Deoptimize) done
Event: 98.500 Executing VM operation: G1TryInitiateConcMark (G1 Humongous Allocation)
Event: 98.521 Executing VM operation: G1TryInitiateConcMark (G1 Humongous Allocation) done
Event: 98.731 Executing VM operation: G1PauseRemark
Event: 98.740 Executing VM operation: G1PauseRemark done
Event: 98.857 Executing VM operation: G1PauseCleanup
Event: 98.857 Executing VM operation: G1PauseCleanup done
Event: 99.774 Executing VM operation: ICBufferFull
Event: 99.774 Executing VM operation: ICBufferFull done
Event: 100.588 Executing VM operation: ICBufferFull
Event: 100.588 Executing VM operation: ICBufferFull done
Event: 101.597 Executing VM operation: Cleanup

Memory protections (0 events):
No events

Nmethod flushes (20 events):
Event: 98.737 Thread 0x0000021ce8131460 flushing  nmethod 0x0000021cd401f410
Event: 98.737 Thread 0x0000021ce8131460 flushing  nmethod 0x0000021cd4060410
Event: 98.737 Thread 0x0000021ce8131460 flushing  nmethod 0x0000021cd416f810
Event: 98.737 Thread 0x0000021ce8131460 flushing  nmethod 0x0000021cd4225910
Event: 98.737 Thread 0x0000021ce8131460 flushing  nmethod 0x0000021cd42e7090
Event: 98.737 Thread 0x0000021ce8131460 flushing  nmethod 0x0000021cd4368a90
Event: 98.737 Thread 0x0000021ce8131460 flushing  nmethod 0x0000021cd46b7190
Event: 98.737 Thread 0x0000021ce8131460 flushing  nmethod 0x0000021cd4a46810
Event: 98.737 Thread 0x0000021ce8131460 flushing  nmethod 0x0000021cd4a48290
Event: 98.737 Thread 0x0000021ce8131460 flushing  nmethod 0x0000021cd4c2fc10
Event: 98.737 Thread 0x0000021ce8131460 flushing  nmethod 0x0000021cd4c33490
Event: 98.737 Thread 0x0000021ce8131460 flushing osr nmethod 0x0000021cdbe0ec90
Event: 98.737 Thread 0x0000021ce8131460 flushing osr nmethod 0x0000021cdbe1ef90
Event: 98.737 Thread 0x0000021ce8131460 flushing osr nmethod 0x0000021cdbe25010
Event: 98.737 Thread 0x0000021ce8131460 flushing  nmethod 0x0000021cd41f1b90
Event: 98.737 Thread 0x0000021ce8131460 flushing  nmethod 0x0000021cd4778d90
Event: 98.737 Thread 0x0000021ce8131460 flushing  nmethod 0x0000021cd496c910
Event: 98.737 Thread 0x0000021ce8131460 flushing  nmethod 0x0000021cd4a19510
Event: 98.737 Thread 0x0000021ce8131460 flushing  nmethod 0x0000021cd4a19f90
Event: 98.737 Thread 0x0000021ce8131460 flushing  nmethod 0x0000021cd4a8fa90

Events (20 events):
Event: 94.612 Thread 0x0000021ce84c2fd0 Thread exited: 0x0000021ce84c2fd0
Event: 95.817 Thread 0x0000021ce84c4440 Thread added: 0x0000021cf0368170
Event: 97.156 Thread 0x0000021cf0368170 Thread exited: 0x0000021cf0368170
Event: 97.328 Thread 0x0000021ce84c4440 Thread added: 0x0000021cf5e4f9c0
Event: 97.347 Thread 0x0000021ce84c4440 Thread added: 0x0000021cf8b31060
Event: 97.578 Thread 0x0000021cf8b31060 Thread exited: 0x0000021cf8b31060
Event: 98.604 Thread 0x0000021ce84c4440 Thread added: 0x0000021cf1d0c450
Event: 98.604 Thread 0x0000021ce84c4440 Thread added: 0x0000021cf1d0afe0
Event: 98.625 Thread 0x0000021cf5e4f9c0 Thread added: 0x0000021cf3c78590
Event: 98.629 Thread 0x0000021ce82184c0 Thread added: 0x0000021cf0b53670
Event: 98.922 Thread 0x0000021cf0b53670 Thread exited: 0x0000021cf0b53670
Event: 99.047 Thread 0x0000021cf3c78590 Thread exited: 0x0000021cf3c78590
Event: 99.468 Thread 0x0000021cf1d0afe0 Thread exited: 0x0000021cf1d0afe0
Event: 99.725 Thread 0x0000021ce82184c0 Thread added: 0x0000021cf34d67a0
Event: 99.829 Thread 0x0000021ce84c4440 Thread added: 0x0000021ce84c2fd0
Event: 99.890 Thread 0x0000021ce82184c0 Thread added: 0x0000021cf34d7c10
Event: 100.223 Thread 0x0000021cf34d7c10 Thread exited: 0x0000021cf34d7c10
Event: 100.230 Thread 0x0000021ce84c2fd0 Thread exited: 0x0000021ce84c2fd0
Event: 100.248 Thread 0x0000021cf34d67a0 Thread exited: 0x0000021cf34d67a0
Event: 100.576 Thread 0x0000021ce82184c0 Thread added: 0x0000021cf34d6e70


Dynamic libraries:
0x00007ff6b7320000 - 0x00007ff6b732a000 	C:\Program Files\Android\Android Studio\jbr\bin\java.exe
0x00007fffa5c80000 - 0x00007fffa5ee6000 	C:\WINDOWS\SYSTEM32\ntdll.dll
0x00007fffa4c50000 - 0x00007fffa4d19000 	C:\WINDOWS\System32\KERNEL32.DLL
0x00007fffa33d0000 - 0x00007fffa37ca000 	C:\WINDOWS\System32\KERNELBASE.dll
0x00007fffa2f10000 - 0x00007fffa305c000 	C:\WINDOWS\System32\ucrtbase.dll
0x00007fff9ac50000 - 0x00007fff9ac68000 	C:\Program Files\Android\Android Studio\jbr\bin\jli.dll
0x00007fff22860000 - 0x00007fff2287b000 	C:\Program Files\Android\Android Studio\jbr\bin\VCRUNTIME140.dll
0x00007fffa4d20000 - 0x00007fffa4ee7000 	C:\WINDOWS\System32\USER32.dll
0x00007fffa39c0000 - 0x00007fffa39e7000 	C:\WINDOWS\System32\win32u.dll
0x00007fff8a2e0000 - 0x00007fff8a572000 	C:\WINDOWS\WinSxS\amd64_microsoft.windows.common-controls_6595b64144ccf1df_6.0.26100.8521_none_3e08b75ce33403b3\COMCTL32.dll
0x00007fffa5290000 - 0x00007fffa52bb000 	C:\WINDOWS\System32\GDI32.dll
0x00007fffa3ed0000 - 0x00007fffa3f79000 	C:\WINDOWS\System32\msvcrt.dll
0x00007fffa37d0000 - 0x00007fffa38fb000 	C:\WINDOWS\System32\gdi32full.dll
0x00007fffa3060000 - 0x00007fffa3103000 	C:\WINDOWS\System32\msvcp_win.dll
0x00007fffa4ad0000 - 0x00007fffa4b02000 	C:\WINDOWS\System32\IMM32.DLL
0x00007fff61ec0000 - 0x00007fff61ecc000 	C:\Program Files\Android\Android Studio\jbr\bin\vcruntime140_1.dll
0x00007ffef6680000 - 0x00007ffef670d000 	C:\Program Files\Android\Android Studio\jbr\bin\msvcp140.dll
0x00007ffef6890000 - 0x00007ffef751e000 	C:\Program Files\Android\Android Studio\jbr\bin\server\jvm.dll
0x00007fffa5960000 - 0x00007fffa5a16000 	C:\WINDOWS\System32\ADVAPI32.dll
0x00007fffa4b10000 - 0x00007fffa4bba000 	C:\WINDOWS\System32\sechost.dll
0x00007fffa5b20000 - 0x00007fffa5c38000 	C:\WINDOWS\System32\RPCRT4.dll
0x00007fffa4bc0000 - 0x00007fffa4c40000 	C:\WINDOWS\System32\WS2_32.dll
0x00007fffa2d90000 - 0x00007fffa2dee000 	C:\WINDOWS\SYSTEM32\POWRPROF.dll
0x00007fff9bf40000 - 0x00007fff9bf4b000 	C:\WINDOWS\SYSTEM32\VERSION.dll
0x00007fff980b0000 - 0x00007fff980e6000 	C:\WINDOWS\SYSTEM32\WINMM.dll
0x00007fffa2d70000 - 0x00007fffa2d84000 	C:\WINDOWS\SYSTEM32\UMPDC.dll
0x00007fffa1c60000 - 0x00007fffa1c7b000 	C:\WINDOWS\SYSTEM32\kernel.appcore.dll
0x00007fff4c920000 - 0x00007fff4c92a000 	C:\Program Files\Android\Android Studio\jbr\bin\jimage.dll
0x00007fff937c0000 - 0x00007fff93a02000 	C:\WINDOWS\SYSTEM32\DBGHELP.DLL
0x00007fffa3a60000 - 0x00007fffa3de3000 	C:\WINDOWS\System32\combase.dll
0x00007fffa3df0000 - 0x00007fffa3ec9000 	C:\WINDOWS\System32\OLEAUT32.dll
0x00007fff91610000 - 0x00007fff9164b000 	C:\WINDOWS\SYSTEM32\dbgcore.DLL
0x00007fffa3320000 - 0x00007fffa33c8000 	C:\WINDOWS\System32\bcryptPrimitives.dll
0x00007fff9ac40000 - 0x00007fff9ac4e000 	C:\Program Files\Android\Android Studio\jbr\bin\instrument.dll
0x00007fff7d110000 - 0x00007fff7d130000 	C:\Program Files\Android\Android Studio\jbr\bin\java.dll
0x00007fff7d0f0000 - 0x00007fff7d108000 	C:\Program Files\Android\Android Studio\jbr\bin\zip.dll
0x00007fffa4330000 - 0x00007fffa4ab4000 	C:\WINDOWS\System32\SHELL32.dll
0x00007fffa0ab0000 - 0x00007fffa1330000 	C:\WINDOWS\SYSTEM32\windows.storage.dll
0x00007fffa5a20000 - 0x00007fffa5b16000 	C:\WINDOWS\System32\SHCORE.dll
0x00007fffa50d0000 - 0x00007fffa5137000 	C:\WINDOWS\System32\shlwapi.dll
0x00007fffa2e30000 - 0x00007fffa2e59000 	C:\WINDOWS\SYSTEM32\profapi.dll
0x00007fff7d0e0000 - 0x00007fff7d0f0000 	C:\Program Files\Android\Android Studio\jbr\bin\net.dll
0x00007fff9a730000 - 0x00007fff9a859000 	C:\WINDOWS\SYSTEM32\WINHTTP.dll
0x00007fffa21b0000 - 0x00007fffa221c000 	C:\WINDOWS\system32\mswsock.dll
0x00007fff21bd0000 - 0x00007fff21be6000 	C:\Program Files\Android\Android Studio\jbr\bin\nio.dll
0x00007fff40640000 - 0x00007fff40650000 	C:\Program Files\Android\Android Studio\jbr\bin\verify.dll
0x00007fff99150000 - 0x00007fff99177000 	C:\Users\Esther\.gradle\native\1def1411415f61bf3af743bc5b6707747c0891f09f0c88961ee8f79bc544acac\windows-amd64\native-platform.dll
0x00007fff6ae00000 - 0x00007fff6ae78000 	C:\Users\Esther\.gradle\native\0.2.7\x86_64-windows-gnu\gradle-fileevents.dll
0x00007fff45d90000 - 0x00007fff45d99000 	C:\Program Files\Android\Android Studio\jbr\bin\management.dll
0x00007fff43c70000 - 0x00007fff43c7b000 	C:\Program Files\Android\Android Studio\jbr\bin\management_ext.dll
0x00007fffa52c0000 - 0x00007fffa52c8000 	C:\WINDOWS\System32\PSAPI.DLL
0x00007fffa1640000 - 0x00007fffa1673000 	C:\WINDOWS\SYSTEM32\IPHLPAPI.DLL
0x00007fffa4ac0000 - 0x00007fffa4aca000 	C:\WINDOWS\System32\NSI.dll
0x00007fff7d0d0000 - 0x00007fff7d0d9000 	C:\Program Files\Android\Android Studio\jbr\bin\extnet.dll
0x00007fffa25b0000 - 0x00007fffa25cb000 	C:\WINDOWS\SYSTEM32\CRYPTSP.dll
0x00007fffa1bc0000 - 0x00007fffa1bf9000 	C:\WINDOWS\system32\rsaenh.dll
0x00007fffa2260000 - 0x00007fffa2293000 	C:\WINDOWS\SYSTEM32\USERENV.dll
0x00007fffa2e00000 - 0x00007fffa2e2a000 	C:\WINDOWS\SYSTEM32\bcrypt.dll
0x00007fffa2410000 - 0x00007fffa241c000 	C:\WINDOWS\SYSTEM32\CRYPTBASE.dll
0x00007fff6a2f0000 - 0x00007fff6a2f8000 	C:\WINDOWS\system32\wshunix.dll
0x00007fffa1d80000 - 0x00007fffa1db6000 	C:\WINDOWS\SYSTEM32\ntmarta.dll

dbghelp: loaded successfully - version: 4.0.5 - missing functions: none
symbol engine: initialized successfully - sym options: 0x614 - pdb path: .;C:\Program Files\Android\Android Studio\jbr\bin;C:\WINDOWS\SYSTEM32;C:\WINDOWS\WinSxS\amd64_microsoft.windows.common-controls_6595b64144ccf1df_6.0.26100.8521_none_3e08b75ce33403b3;C:\Program Files\Android\Android Studio\jbr\bin\server;C:\Users\Esther\.gradle\native\1def1411415f61bf3af743bc5b6707747c0891f09f0c88961ee8f79bc544acac\windows-amd64;C:\Users\Esther\.gradle\native\0.2.7\x86_64-windows-gnu

VM Arguments:
jvm_args: --add-opens=java.base/java.lang=ALL-UNNAMED --add-opens=java.base/java.lang.invoke=ALL-UNNAMED --add-opens=java.base/java.util=ALL-UNNAMED --add-opens=java.prefs/java.util.prefs=ALL-UNNAMED --add-exports=jdk.compiler/com.sun.tools.javac.api=ALL-UNNAMED --add-exports=jdk.compiler/com.sun.tools.javac.util=ALL-UNNAMED --add-opens=java.base/java.util=ALL-UNNAMED --add-opens=java.prefs/java.util.prefs=ALL-UNNAMED --add-opens=java.base/java.nio.charset=ALL-UNNAMED --add-opens=java.base/java.net=ALL-UNNAMED --add-opens=java.base/java.util.concurrent.atomic=ALL-UNNAMED --add-opens=java.xml/javax.xml.namespace=ALL-UNNAMED -XX:MaxMetaspaceSize=256m -Xmx1g -Dfile.encoding=UTF-8 -Duser.country=ES -Duser.language=es -Duser.variant -javaagent:C:\Users\Esther\.gradle\wrapper\dists\gradle-8.13-bin\5xuhj0ry160q40clulazy9h7d\gradle-8.13\lib\agents\gradle-instrumentation-agent-8.13.jar 
java_command: org.gradle.launcher.daemon.bootstrap.GradleDaemon 8.13
java_class_path (initial): C:\Users\Esther\.gradle\wrapper\dists\gradle-8.13-bin\5xuhj0ry160q40clulazy9h7d\gradle-8.13\lib\gradle-daemon-main-8.13.jar
Launcher Type: SUN_STANDARD

[Global flags]
     intx CICompilerCount                          = 12                                        {product} {ergonomic}
   size_t CompressedClassSpaceSize                 = 218103808                                 {product} {ergonomic}
     uint ConcGCThreads                            = 3                                         {product} {ergonomic}
     uint G1ConcRefinementThreads                  = 13                                        {product} {ergonomic}
   size_t G1HeapRegionSize                         = 1048576                                   {product} {ergonomic}
    uintx GCDrainStackTargetSize                   = 64                                        {product} {ergonomic}
   size_t InitialHeapSize                          = 232783872                                 {product} {ergonomic}
   size_t MarkStackSize                            = 4194304                                   {product} {ergonomic}
   size_t MaxHeapSize                              = 1073741824                                {product} {command line}
   size_t MaxMetaspaceSize                         = 268435456                                 {product} {command line}
   size_t MaxNewSize                               = 643825664                                 {product} {ergonomic}
   size_t MinHeapDeltaBytes                        = 1048576                                   {product} {ergonomic}
   size_t MinHeapSize                              = 8388608                                   {product} {ergonomic}
    uintx NonNMethodCodeHeapSize                   = 7602480                                {pd product} {ergonomic}
    uintx NonProfiledCodeHeapSize                  = 122027880                              {pd product} {ergonomic}
    uintx ProfiledCodeHeapSize                     = 122027880                              {pd product} {ergonomic}
    uintx ReservedCodeCacheSize                    = 251658240                              {pd product} {ergonomic}
     bool SegmentedCodeCache                       = true                                      {product} {ergonomic}
   size_t SoftMaxHeapSize                          = 1073741824                             {manageable} {ergonomic}
     bool UseCompressedOops                        = true                           {product lp64_product} {ergonomic}
     bool UseG1GC                                  = true                                      {product} {ergonomic}
     bool UseLargePagesIndividualAllocation        = false                                  {pd product} {ergonomic}

Logging:
Log output configuration:
 #0: stdout all=warning uptime,level,tags foldmultilines=false
 #1: stderr all=off uptime,level,tags foldmultilines=false

Environment Variables:
PATH=C:\Python314\Scripts\;C:\Python314\;C:\Program Files\Common Files\Oracle\Java\javapath;C:\WINDOWS\system32;C:\WINDOWS;C:\WINDOWS\System32\Wbem;C:\WINDOWS\System32\WindowsPowerShell\v1.0\;C:\WINDOWS\System32\OpenSSH\;C:\Program Files\Git\cmd;C:\Program Files\Autofirma\Autofirma;C:\Program Files\nodejs\;C:\ProgramData\chocolatey\bin;C:\Users\Esther\AppData\Local\Microsoft\WindowsApps;C:\Program Files\JetBrains\IntelliJ IDEA Community Edition 2024.2.3\bin;;C:\Users\Esther\AppData\Local\Programs\Microsoft VS Code\bin;C:\Program Files\JetBrains\IntelliJ IDEA 2024.2.4\bin;;C:\dveloped\flutter\bin;C:\Users\Esther\AppData\Local\Pub\Cache\bin;C:\Users\Esther\AppData\Roaming\npm;C:\Users\Esther\AppData\Local\Programs\Zed\bin
USERNAME=Esther
OS=Windows_NT
PROCESSOR_IDENTIFIER=AMD64 Family 23 Model 104 Stepping 1, AuthenticAMD
TMP=C:\Users\Esther\AppData\Local\Temp
TEMP=C:\Users\Esther\AppData\Local\Temp




Periodic native trim disabled

JNI global refs:
JNI global refs: 36, weak refs: 0

JNI global refs memory usage: 835, weak refs: 833

Process memory usage:
Resident Set Size: 850324K (5% of 14521848K total physical memory with 1198400K free physical memory)

OOME stack traces (most recent first):
Classloader memory used:
Loader org.gradle.internal.classloader.VisitableURLClassLoader                         : 81878K
Loader bootstrap                                                                       : 24973K
Loader org.gradle.initialization.MixInLegacyTypesClassLoader                           : 6761K
Loader org.gradle.internal.classloader.VisitableURLClassLoader                         : 733K
Loader org.gradle.internal.classloader.VisitableURLClassLoader$InstrumentingVisitableURLClassLoader: 573K
Loader jdk.internal.loader.ClassLoaders$PlatformClassLoader                            : 538K
Loader jdk.internal.jrtfs.JrtFileSystemProvider$JrtFsLoader                            : 340K
Loader jdk.internal.loader.ClassLoaders$AppClassLoader                                 : 235K
Loader jdk.internal.reflect.DelegatingClassLoader                                      : 165K
Loader org.gradle.groovy.scripts.internal.DefaultScriptCompilationHandler$ScriptClassLoader: 89464B
Loader org.codehaus.groovy.runtime.callsite.CallSiteClassLoader                        : 49752B

Classes loaded by more than one classloader:
Class org.gradle.api.GradleException                                                  : loaded 3 times (x 80B)
Class org.gradle.internal.classloader.FilteringClassLoader                            : loaded 2 times (x 103B)
Class jdk.internal.jimage.BasicImageReader                                            : loaded 2 times (x 93B)
Class org.gradle.internal.classloader.ClassLoaderHierarchy                            : loaded 2 times (x 68B)
Class org.gradle.api.internal.classpath.ManifestUtil                                  : loaded 2 times (x 69B)
Class jdk.internal.jimage.decompressor.StringSharingDecompressorFactory               : loaded 2 times (x 72B)
Class org.gradle.internal.operations.MultipleBuildOperationFailures                   : loaded 2 times (x 93B)
Class org.gradle.internal.classloader.DefaultClassLoaderFactory                       : loaded 2 times (x 80B)
Class kotlin.collections.AbstractList$Companion                                       : loaded 2 times (x 69B)
Class org.gradle.internal.classloader.ClassLoaderVisitor                              : loaded 2 times (x 74B)
Class org.gradle.api.internal.classpath.EffectiveClassPath                            : loaded 2 times (x 88B)
Class org.gradle.api.internal.DefaultClassPathProvider                                : loaded 2 times (x 74B)
Class sync_studio_tooling_a01zb1b4anaygik3osggjg3gq                                   : loaded 2 times (x 177B)
Class [Lorg.gradle.api.internal.ClassPathProvider;                                    : loaded 2 times (x 67B)
Class org.gradle.api.internal.ClassPathProvider                                       : loaded 2 times (x 68B)
Class jdk.internal.jrtfs.SystemImage                                                  : loaded 2 times (x 72B)
Class org.gradle.internal.service.UnknownServiceException                             : loaded 2 times (x 81B)
Class org.gradle.internal.classpath.TransformedClassPath                              : loaded 2 times (x 94B)
Class org.gradle.internal.classloader.InstrumentingClassLoader                        : loaded 2 times (x 68B)
Class jdk.internal.jrtfs.SystemImage$1                                                : loaded 2 times (x 76B)
Class kotlin.enums.EnumEntriesList                                                    : loaded 2 times (x 221B)
Class jdk.internal.jrtfs.SystemImage$2                                                : loaded 2 times (x 74B)
Class org.gradle.internal.service.ServiceLocator                                      : loaded 2 times (x 68B)
Class jdk.internal.jrtfs.JrtFileSystemProvider                                        : loaded 2 times (x 99B)
Class jdk.internal.jimage.ImageLocation                                               : loaded 2 times (x 88B)
Class jdk.internal.jrtfs.JrtDirectoryStream$1                                         : loaded 2 times (x 81B)
Class org.gradle.internal.InternalTransformer                                         : loaded 2 times (x 68B)
Class jdk.internal.jimage.ImageBufferCache$1                                          : loaded 2 times (x 81B)
Class org.gradle.internal.time.DefaultTimer                                           : loaded 2 times (x 78B)
Class org.gradle.internal.classloader.ClasspathUtil$1                                 : loaded 2 times (x 74B)
Class jdk.internal.jimage.ImageBufferCache$2                                          : loaded 2 times (x 89B)
Class org.gradle.api.internal.classpath.DefaultModuleRegistry$DefaultModule           : loaded 2 times (x 84B)
Class org.gradle.internal.time.DefaultCountdownTimer                                  : loaded 2 times (x 86B)
Class kotlin.Function                                                                 : loaded 2 times (x 68B)
Class org.gradle.api.internal.classpath.Module                                        : loaded 2 times (x 68B)
Class org.gradle.api.internal.classpath.UnknownModuleException                        : loaded 2 times (x 80B)
Class jdk.internal.jimage.ImageHeader                                                 : loaded 2 times (x 69B)
Class org.gradle.api.internal.DefaultClassPathRegistry                                : loaded 2 times (x 74B)
Class org.gradle.api.internal.ClassPathRegistry                                       : loaded 2 times (x 68B)
Class org.gradle.internal.classpath.DefaultClassPath$ImmutableUniqueList              : loaded 2 times (x 197B)
Class jdk.internal.jimage.decompressor.ResourceDecompressor                           : loaded 2 times (x 68B)
Class org.gradle.internal.classpath.ClassPath                                         : loaded 2 times (x 68B)
Class org.gradle.api.UncheckedIOException                                             : loaded 2 times (x 80B)
Class jdk.internal.jimage.ImageStringsReader                                          : loaded 2 times (x 78B)
Class kotlin.UninitializedPropertyAccessException                                     : loaded 2 times (x 80B)
Class jdk.internal.jimage.ImageReader                                                 : loaded 2 times (x 73B)
Class jdk.internal.jimage.ImageReader$SharedImageReader                               : loaded 2 times (x 93B)
Class org.gradle.internal.installation.GradleInstallation$1                           : loaded 2 times (x 73B)
Class org.gradle.api.internal.classpath.ModuleRegistry                                : loaded 2 times (x 68B)
Class jdk.internal.jimage.decompressor.ResourceDecompressorFactory                    : loaded 2 times (x 72B)
Class jdk.internal.jimage.ImageReader$Node                                            : loaded 2 times (x 82B)
Class org.gradle.api.internal.classpath.DefaultModuleRegistry                         : loaded 2 times (x 84B)
Class jdk.internal.jimage.BasicImageReader$1                                          : loaded 2 times (x 75B)
Class jdk.internal.jimage.decompressor.Decompressor                                   : loaded 2 times (x 70B)
Class jdk.internal.jimage.ImageReader$Resource                                        : loaded 2 times (x 82B)
Class org.gradle.internal.time.MonotonicClock                                         : loaded 2 times (x 75B)
Class org.gradle.internal.service.ServiceLookupException                              : loaded 2 times (x 80B)
Class jdk.internal.jrtfs.JrtFileAttributes                                            : loaded 2 times (x 81B)
Class org.gradle.internal.classloader.ClassLoaderFactory                              : loaded 2 times (x 68B)
Class org.gradle.internal.service.CachingServiceLocator                               : loaded 2 times (x 80B)
Class org.gradle.internal.time.TimeSource                                             : loaded 2 times (x 68B)
Class kotlin.enums.EnumEntries                                                        : loaded 2 times (x 68B)
Class org.gradle.internal.exceptions.ResolutionProvider                               : loaded 2 times (x 68B)
Class jdk.internal.jimage.ImageBufferCache                                            : loaded 2 times (x 69B)
Class jdk.internal.jrtfs.JrtPath                                                      : loaded 2 times (x 116B)
Class org.gradle.internal.classloader.ClasspathUtil                                   : loaded 2 times (x 69B)
Class org.gradle.internal.time.TimeSource$1                                           : loaded 2 times (x 75B)
Class kotlin.jvm.internal.DefaultConstructorMarker                                    : loaded 2 times (x 69B)
Class org.gradle.api.specs.Spec                                                       : loaded 2 times (x 68B)
Class jdk.internal.jimage.ImageReader$SharedImageReader$LocationVisitor               : loaded 2 times (x 68B)
Class jdk.internal.jimage.decompressor.ResourceDecompressorRepository                 : loaded 2 times (x 69B)
Class org.gradle.internal.time.Clock                                                  : loaded 2 times (x 68B)
Class jdk.internal.jimage.ImageReader$Directory                                       : loaded 2 times (x 82B)
Class kotlin.collections.AbstractList                                                 : loaded 2 times (x 195B)
Class kotlin.collections.AbstractCollection                                           : loaded 2 times (x 115B)
Class org.gradle.internal.classloader.VisitableURLClassLoader$InstrumentingVisitableURLClassLoader: loaded 2 times (x 121B)
Class org.gradle.internal.classloader.VisitableURLClassLoader$Spec                    : loaded 2 times (x 72B)
Class org.gradle.internal.classpath.DefaultClassPath                                  : loaded 2 times (x 88B)
Class jdk.internal.jimage.decompressor.ZipDecompressorFactory                         : loaded 2 times (x 72B)
Class org.gradle.internal.classloader.ClassLoaderSpec                                 : loaded 2 times (x 69B)
Class kotlin.Unit                                                                     : loaded 2 times (x 69B)
Class org.gradle.internal.classloader.VisitableURLClassLoader                         : loaded 2 times (x 115B)
Class org.gradle.internal.Cast                                                        : loaded 2 times (x 69B)
Class org.gradle.api.Action                                                           : loaded 2 times (x 68B)
Class jdk.internal.jimage.decompressor.ZipDecompressor                                : loaded 2 times (x 73B)
Class kotlin.jvm.functions.Function1                                                  : loaded 2 times (x 68B)
Class org.gradle.internal.classpath.DefaultClassPath$ImmutableUniqueList$Builder      : loaded 2 times (x 73B)
Class kotlin.NotImplementedError                                                      : loaded 2 times (x 80B)
Class org.gradle.internal.exceptions.NonGradleCauseExceptionsHolder                   : loaded 2 times (x 68B)
Class jdk.internal.jimage.ImageStrings                                                : loaded 2 times (x 68B)
Class org.jetbrains.plugins.gradle.tooling.ModelBuilderService$Parameter              : loaded 2 times (x 68B)
Class kotlin.enums.EnumEntriesKt                                                      : loaded 2 times (x 69B)
Class org.gradle.internal.IoActions                                                   : loaded 2 times (x 69B)
Class org.gradle.internal.classloader.SystemClassLoaderSpec                           : loaded 2 times (x 69B)
Class org.gradle.internal.exceptions.MultiCauseException                              : loaded 2 times (x 68B)
Class org.gradle.internal.time.CountdownTimer                                         : loaded 2 times (x 68B)
Class kotlin.jvm.internal.Intrinsics                                                  : loaded 2 times (x 69B)
Class jdk.internal.jrtfs.JrtFileSystem                                                : loaded 2 times (x 100B)
Class org.gradle.tooling.model.ProjectModel                                           : loaded 2 times (x 68B)
Class jdk.internal.jimage.decompressor.CompressedResourceHeader                       : loaded 2 times (x 69B)
Class kotlin.KotlinNullPointerException                                               : loaded 2 times (x 81B)
Class org.gradle.internal.exceptions.DefaultMultiCauseException                       : loaded 2 times (x 93B)
Class org.gradle.internal.time.Time                                                   : loaded 2 times (x 69B)
Class org.gradle.api.internal.classpath.GlobalCacheRootsProvider                      : loaded 2 times (x 68B)
Class ijInit1_bwcpecjk3616zps3shai3iqgr                                               : loaded 2 times (x 177B)
Class org.gradle.internal.time.Timer                                                  : loaded 2 times (x 68B)
Class kotlin.jvm.internal.markers.KMappedMarker                                       : loaded 2 times (x 68B)
Class org.gradle.internal.installation.CurrentGradleInstallationLocator               : loaded 2 times (x 69B)
Class org.gradle.internal.service.DefaultServiceLocator                               : loaded 2 times (x 81B)
Class jdk.internal.jrtfs.JrtDirectoryStream                                           : loaded 2 times (x 87B)
Class org.gradle.util.GradleVersion                                                   : loaded 2 times (x 77B)
Class org.gradle.internal.installation.CurrentGradleInstallation                      : loaded 2 times (x 71B)
Class org.gradle.util.internal.GUtil                                                  : loaded 2 times (x 69B)
Class org.gradle.internal.installation.GradleInstallation                             : loaded 2 times (x 73B)
Class jdk.internal.jimage.decompressor.ResourceDecompressor$StringsProvider           : loaded 2 times (x 68B)

---------------  S Y S T E M  ---------------

OS:
 Windows 11 , 64 bit Build 26100 (10.0.26100.8521)
OS uptime: 0 days 1:39 hours
Hyper-V role detected

CPU: total 16 (initial active 16) (16 cores per cpu, 2 threads per core) family 23 model 104 stepping 1 microcode 0x8608103, cx8, cmov, fxsr, ht, mmx, 3dnowpref, sse, sse2, sse3, ssse3, sse4a, sse4.1, sse4.2, popcnt, lzcnt, tsc, tscinvbit, avx, avx2, aes, clmul, bmi1, bmi2, adx, sha, fma, vzeroupper, clflush, clflushopt, hv, rdtscp, rdpid, f16c
Processor Information for the first 16 processors :
  Max Mhz: 1801, Current Mhz: 1801, Mhz Limit: 1801

Memory: 4k page, system-wide physical 14181M (1171M free)
TotalPageFile size 18277M (AvailPageFile size 5M)
current process WorkingSet (physical memory assigned to process): 830M, peak: 832M
current process commit charge ("private bytes"): 866M, peak: 869M

vm_info: OpenJDK 64-Bit Server VM (21.0.7+-13880790-b1038.58) for windows-amd64 JRE (21.0.7+-13880790-b1038.58), built on 2025-08-04T20:56:21Z by "builder" with MS VC++ 16.10 / 16.11 (VS2019)

END.
